Workbook

Sheet Shuvojit
A1: Website | B1: Home Page | D1: Collection Page | F1: Product Details Page | H1: Page Speed URLs
B2: Mobile | C2: Desktop | D2: Mobile | E2: Desktop | F2: Mobile | G2: Desktop | H2: Home Page | I2: Collection Page | J2: PDP
A3: https://edenmaystudio.co.uk | B3: ASKING FOR SIGNUP
A4: https://fashioneyewear.com | B4: 29 | C4: 38 | D4: 33 | E4: 44 | F4: 6 | G4: 53 | H4: https://pagespeed.web.dev/analysis/https-www-fashioneyewear-com-en-in/smmpv9gz53?form_factor=desktop | I4: https://pagespeed.web.dev/analysis/https-www-fashioneyewear-com-en-in-collections-all/2rgcyj22yo?form_factor=desktop | J4: https://pagespeed.web.dev/analysis/https-www-fashioneyewear-com-en-in-products-adidas-sp0063/awlwfcwwml?form_factor=mobile
A5: https://buttahlondon.com | B5: 34 | C5: 57 | D5: 49 | E5: 54 | F5: 48 | G5: 70 | H5: https://pagespeed.web.dev/analysis/https-buttahlondon-com/b0o780lgib?form_factor=desktop | I5: https://pagespeed.web.dev/analysis/https-buttahlondon-com-collections-all/fy3lhyzo4y?form_factor=desktop | J5: https://pagespeed.web.dev/analysis/https-buttahlondon-com-products-long-tank-top/jup1sr8f6v?form_factor=desktop
A6: https://ayamset.com | B6: 75 | C6: 85 | D6: 66 | E6: 88 | F6: 37 | G6: 55 | H6: https://pagespeed.web.dev/analysis/https-ayamset-com/ghd1mbubew?form_factor=mobile | I6: https://pagespeed.web.dev/analysis/https-ayamset-com-collections-all/dloiqcf0n0?form_factor=desktop | J6: https://pagespeed.web.dev/analysis/https-www-mytheresa-com-gb-en-women-marant-etoile-anasta-faux-fur-jacket-brown-p01003106/xv6fz84x69?form_factor=desktop
A7: https://ibizafashionfestival.com | B7: 75 | C7: 97 | D7: 89 | E7: 99 | F7: 78 | G7: 91 | H7: https://pagespeed.web.dev/analysis/https-ibizafashionfestival-com/e33cb5be8o?form_factor=desktop | I7: https://pagespeed.web.dev/analysis/https-ibizafashionfestival-com-collections-all/16y6eo6i3n?form_factor=desktop | J7: https://pagespeed.web.dev/analysis/https-ibizafashionfestival-com-products-cassandra-swimsuit-copy/znkm6poqc4?form_factor=desktop
A8: https://comhla.co.uk | B8: 58 | C8: 74 | D8: 60 | E8: 67 | F8: 60 | G8: 65 | H8: https://pagespeed.web.dev/analysis/https-comhla-co-uk/xj3mhzjg69?form_factor=mobile | I8: https://pagespeed.web.dev/analysis/https-comhla-co-uk-collections-women-Buy-Well/snijwz3gka?form_factor=desktop | J8: https://pagespeed.web.dev/analysis/https-comhla-co-uk-products-large-merino-triangle-scarf-in-red-stripe/erkz3kzv1y?form_factor=desktop
A9: https://abtany.com | B9: 69 | C9: 76 | D9: 78 | E9: 95 | F9: 72 | G9: 61 | H9: https://pagespeed.web.dev/analysis/https-www-abtany-com/cknuwkkg17?form_factor=desktop | I9: https://pagespeed.web.dev/analysis/https-www-abtany-com-collections-all/c6tj7iijfh?form_factor=desktop | J9: https://pagespeed.web.dev/analysis/https-www-abtany-com-products-black-drawstring-swim-shorts-copy/oota3tca4a?form_factor=desktop
A10: https://heidiklein.com | B10: 67 | C10: 85 | D10: 45 | E10: 55 | F10: 62 | G10: 82 | H10: https://pagespeed.web.dev/analysis/https-heidiklein-com/y52ob8p4bk?form_factor=desktop | I10: https://pagespeed.web.dev/analysis/https-heidiklein-com-collections-all/p1u9jza6ae?form_factor=desktop | J10: https://pagespeed.web.dev/analysis/https-heidiklein-com-products-at-lace-beach-shirt/wtdlriagb2?form_factor=desktop
A11: https://bbxbrand.com | B11: 21 | C11: 40 | D11: 38 | E11: 44 | F11: 42 | G11: 54 | H11: https://pagespeed.web.dev/analysis/https-www-bbxbrand-com/kf5ktzowl3?form_factor=desktop | I11: https://pagespeed.web.dev/analysis/https-www-bbxbrand-com-collections-all/wokjoidnfs?form_factor=desktop | J11: https://pagespeed.web.dev/analysis/https-www-bbxbrand-com-collections-all-products-waterfall-mini-lime-green/nf1bqiej49?form_factor=desktop
A12: https://amelry.com | B12: 68 | C12: 66 | D12: 65 | E12: 74 | F12: 60 | G12: 63 | H12: https://pagespeed.web.dev/analysis/https-amelry-com/4njxzoa9n9?form_factor=desktop | I12: https://pagespeed.web.dev/analysis/https-palaceofnowhere-co-uk-collections-all/9gxd3nwsm5?form_factor=mobile | J12: https://pagespeed.web.dev/analysis/https-amelry-com-products-beige-shirred-dress/0u2uq28kic?form_factor=desktop
A13: https://havvamustafa.com | B13: 58 | C13: 87 | D13: 71 | E13: 53 | F13: 61 | G13: 76 | H13: https://pagespeed.web.dev/analysis/https-havvamustafa-com/8g2oxt6b74?form_factor=desktop | I13: https://pagespeed.web.dev/analysis/https-havvamustafa-com-collections-all/m1s1qj7w18?form_factor=desktop | J13: https://pagespeed.web.dev/analysis/https-havvamustafa-com-collections-all-products-netto-texas-tall-black/dmuejrxh7w?form_factor=desktop
A14: https://farafieldclothing.com | B14: 52 | C14: 65 | D14: 51 | E14: 63 | F14: 43 | G14: 50 | H14: https://pagespeed.web.dev/analysis/https-farafieldclothing-com/lsp3w2q7io?form_factor=desktop | I14: https://pagespeed.web.dev/analysis/https-farafieldclothing-com/1nvi3bc49h?form_factor=desktop | J14: https://pagespeed.web.dev/analysis/https-farafieldclothing-com-products-aleksey-horace-zip-sand/kuxk4k7vqz?form_factor=desktop
A15: https://batchldn.com | B15: 54 | C15: 87 | D15: 41 | E15: 70 | F15: 43 | G15: 58 | H15: https://pagespeed.web.dev/analysis/https-batchldn-com/dzy2rllpke?form_factor=desktop | I15: https://pagespeed.web.dev/analysis/https-batchldn-com-collections-all/c63rnbo5o9?form_factor=desktop | J15: https://pagespeed.web.dev/analysis/https-batchldn-com-products-batch-silk-scarf-season-1-heads-by-rashad-al-karooni-scarlet/2ltdjhpcj7?form_factor=desktop
... A37: https://hydur.com | B37: 33 | C37: 38 | D37: 27 | E37: 51 | F37: 30 | G37: 40 | H37: https://pagespeed.web.dev/analysis/https-hydur-com/04q3parnzo?form_factor=desktop | I37: https://pagespeed.web.dev/analysis/https-hydur-com-collections-all/skd7iggltf?form_factor=desktop | J37: https://pagespeed.web.dev/analysis/https-hydur-com-collections-all-products-10ml-black-orchid-inspired-by-velvet-orchid-by-tom-ford-1/hq35dcmcqd?form_factor=desktop
A38: https://elektusdivision.com | B38: WEBSITE CLOSED
A39: https://aorahstudio.com | B39: 73 | C39: 89 | D39: 73 | E39: 96 | F39: 78 | G39: 90 | H39: https://pagespeed.web.dev/analysis/https-www-aorahstudio-com/9mx188ojhz?form_factor=desktop | I39: https://pagespeed.web.dev/analysis/https-www-aorahstudio-com-collections-all/s3k5p93s35?form_factor=desktop | J39: https://pagespeed.web.dev/analysis/https-www-aorahstudio-com-products-ebira-fringe-cropped-jacket/zk31arativ?form_factor=mobile
A40: https://cruiselife.com | B40: 80 | C40: 65 | D40: 65 | E40: 78 | F40: 65 | G40: 86 | H40: https://pagespeed.web.dev/analysis/https-cruiselife-com/s09bbgi364?form_factor=desktop | I40: https://pagespeed.web.dev/analysis/https-cruiselife-com-collections-all/7madvt2tb1?form_factor=desktop | J40: https://pagespeed.web.dev/analysis/https-cruiselife-com-products-women-beige-club-embroidered-hoodie/dpl6msgho7?form_factor=desktop
A41: https://awaythatday.com | B41: 47 | C41: 34 | D41: 33 | E41: 38 | F41: 45 | G41: 43 | H41: https://pagespeed.web.dev/analysis/https-awaythatday-com/4kvo3w8in6?form_factor=desktop | I41: https://pagespeed.web.dev/analysis/https-awaythatday-com-collections-all/exxw617xlg?form_factor=mobile | J41: https://pagespeed.web.dev/analysis/https-awaythatday-com-products-acapulco-bottom-polka-dot-rose/kt3dhmuu9v?form_factor=desktop
A42: https://ifonlyif.co.uk | B42: 27 | C42: 31 | D42: error | E42: error | F42: 27 | G42: 40 | H42: https://pagespeed.web.dev/analysis/https-ifonlyif-co-uk/bjc9qghmsm?form_factor=desktop | J42: https://pagespeed.web.dev/analysis/https-ifonlyif-co-uk-products-pandora-buttercup-yellow-gingham/t3dxgf2gv8?form_factor=desktop
A43: https://caramel-shop.co.uk | B43: 47 | C43: 51 | D43: 50 | E43: 55 | F43: 58 | G43: 63 | H43: https://pagespeed.web.dev/analysis/https-www-caramel-shop-co-uk/xi0jc875sb?form_factor=desktop | I43: https://pagespeed.web.dev/analysis/https-www-caramel-shop-co-uk-collections-all/wmwtykvb13?form_factor=desktop | J43: https://pagespeed.web.dev/analysis/https-www-caramel-shop-co-uk-collections-all-products-delilah-girls-cotton-dress-sushi-vintage-floral/gno2d93jhq?form_factor=desktop
A44: https://irregularchoice.com | B44: 39 | C44: 72 | D44: 73 | E44: 93 | F44: 73 | G44: 95 | H44: https://pagespeed.web.dev/analysis/https-irregularchoice-com/di3r7ggbuc?form_factor=desktop | I44: https://pagespeed.web.dev/analysis/https-irregularchoice-com-categories-everything/11de8qts19?form_factor=desktop | J44: https://pagespeed.web.dev/analysis/https-irregularchoice-com-products-eat-me-b-pastel-brocade-gold-pearly-tea-party-shoes/0iy6ibv2pd?form_factor=desktop
A45: https://harrysoflondon.com | B45: 40 | C45: 38 | D45: 31 | E45: 45 | F45: 41 | G45: 49 | H45: https://pagespeed.web.dev/analysis/https-harrysoflondon-com/kxh57bowvw?form_factor=desktop | I45: https://pagespeed.web.dev/analysis/https-harrysoflondon-com-collections-all/pi2h5nk10g?form_factor=desktop | J45: https://pagespeed.web.dev/analysis/https-harrysoflondon-com-products-aaron-l-1/316ijvwlci?form_factor=desktop
A46: https://weardala.com | B46: 56 | C46: 64 | D46: 55 | E46: 45 | F46: 54 | G46: 72 | H46: https://pagespeed.web.dev/analysis/https-weardala-com/miucu619wo?form_factor=desktop | I46: https://pagespeed.web.dev/analysis/https-weardala-com-collections-all/alc4kjej83?form_factor=desktop | J46: https://pagespeed.web.dev/analysis/https-weardala-com-collections-all-products-sling-jeans-salt/envumt3y9h?form_factor=desktop
A47: https://cupiob.com | B47: 74 | C47: 94 | D47: 74 | E47: 99 | F47: 79 | G47: 99 | H47: https://pagespeed.web.dev/analysis/https-cupiob-com/61fapwhk0y?form_factor=desktop | I47: https://pagespeed.web.dev/analysis/https-cupiob-com-collections-all/shk1dp9dff?form_factor=mobile | J47: https://pagespeed.web.dev/analysis/https-cupiob-com-products-spinning-eye-pendant-with-silver-beads/wbtezwo1tp?form_factor=desktop
A48: https://bsideldn.com | B48: 66 | C48: 69 | D48: NA | E48: NA | F48: NA | G48: NA | H48: https://pagespeed.web.dev/analysis/https-waleadeyemi-com-password/fktq4b0a0w?form_factor=desktop | I48: NA | J48: NA
A49: https://apexworkwear.co.uk | B49: 47 | C49: 55 | D49: 40 | E49: 46 | F49: 33 | G49: 52 | H49: https://pagespeed.web.dev/analysis/https-apexworkwear-co-uk/ru5w3pbdhv?form_factor=desktop | I49: https://pagespeed.web.dev/analysis/https-apexworkwear-co-uk-collections-all/abrwddj5gi?form_factor=mobile | J49: https://pagespeed.web.dev/analysis/https-apexworkwear-co-uk-products-ladies-trousers-healthcare-straight-leg/ubrv6syude?form_factor=desktop
A50: https://fouroz.com | B50: 48 | C50: 63 | D50: 39 | E50: 50 | F50: 49 | G50: 68 | H50: https://pagespeed.web.dev/analysis/https-fouroz-com/kzp4qrc295?form_factor=desktop | I50: https://pagespeed.web.dev/analysis/https-fouroz-com-collections-all/8g1xb78wbi?form_factor=desktop | J50: https://pagespeed.web.dev/analysis/https-fouroz-com-products-allure-white-tshirt/35fccricbv?form_factor=desktop
A51: https://28club.co.uk | B51: 56 | C51: 75 | D51: NA | E51: NA | F51: NA | G51: NA | H51: https://pagespeed.web.dev/analysis/https-28club-co-uk-password/v2mdg41zam?form_factor=desktop | I51: NA | J51: NA
A52: https://101p100.com | B52: 62 | C52: 73 | D52: 59 | E52: 77 | F52: 23 | G52: 84 | H52: https://pagespeed.web.dev/analysis/https-101p100-com/17e4yvaq16?form_factor=mobile | I52: https://pagespeed.web.dev/analysis/https-101p100-com-collections-all/qlnxmhghr7?form_factor=mobile | J52: https://pagespeed.web.dev/analysis/https-101p100-com-products-acai-racer-back-maxi-dress/4sn60y6tjc?form_factor=mobile
A53: https://andsons.co.uk | B53: 87 | C53: 64 | D53: 92 | E53: 95 | F53: 72 | G53: 92 | H53: https://pagespeed.web.dev/analysis/https-andsons-co-uk/sap0wzcj8u?form_factor=desktop | I53: https://pagespeed.web.dev/analysis/https-andsons-co-uk-collections-all/w837l5d77t?form_factor=mobile | J53: https://pagespeed.web.dev/analysis/https-andsons-co-uk-products-sons-sunday-shirt-utility-navy/5uhlzsyk4i?form_factor=mobile
A54: https://16arlington.co.uk | B54: 49 | C54: 51 | D54: 52 | E54: 45 | F54: 57 | G54: 33 | H54: https://pagespeed.web.dev/analysis/https-16arlington-co-uk/2z27lurqln?form_factor=mobile | I54: https://pagespeed.web.dev/analysis/https-yourmusa-com-collections-all/ck89hul5k7?form_factor=desktop | J54: https://pagespeed.web.dev/analysis/https-yourmusa-com-products-antique-corset-green-tapestry/ol71q2kir2?form_factor=desktop
A55: https://28natelier.com | B55: 60 | C55: 45 | D55: 53 | E55: 61 | F55: 46 | G55: 53 | H55: https://pagespeed.web.dev/analysis/https-28natelier-com/d6prus8pao?form_factor=desktop | I55: https://pagespeed.web.dev/analysis/https-28natelier-com-collections-all/6vtdygzx62?form_factor=mobile | J55: https://pagespeed.web.dev/analysis/https-28natelier-com-products-big-button-energy-dress/qclp6vesph?form_factor=mobile
A56: https://2bigfeet.com | B56: 57 | C56: 69 | D56: 39 | E56: 54 | F56: 28 | G56: 94 | H56: https://pagespeed.web.dev/analysis/https-www-2bigfeet-com/15nqsa9fid?form_factor=mobile | I56: https://pagespeed.web.dev/analysis/https-www-2bigfeet-com-collections-all/8rxdjyjyam?form_factor=desktop | J56: https://pagespeed.web.dev/analysis/https-www-2bigfeet-com-collections-all-products-2bigfeet-25th-anniversary-t-shirt-dark-heather-grey/fub0ynvvet?form_factor=desktop
A57: https://33-mm.com | B57: 53 | C57: 75 | D57: 28 | E57: 37 | F57: 43 | G57: 59 | H57: https://pagespeed.web.dev/analysis/https-www-33-mm-com/nh2x3irz2n?form_factor=desktop | I57: https://pagespeed.web.dev/analysis/https-www-33-mm-com-collections-all/f4e9rjxgp2?form_factor=desktop | J57: https://pagespeed.web.dev/analysis/https-www-33-mm-com-products-altair-gold/59d5hvkux4?form_factor=mobile
A58: https://3qworkwear.co.uk | B58: 47 | C58: 58 | D58: 54 | E58: 56 | F58: 43 | G58: 65 | H58: https://pagespeed.web.dev/analysis/https-www-3qworkwear-co-uk/skd27ejl6p?form_factor=desktop | I58: https://pagespeed.web.dev/analysis/https-www-3qworkwear-co-uk-collections-all/d2ymrh1k8a?form_factor=desktop | J58: https://pagespeed.web.dev/analysis/https-www-3qworkwear-co-uk-products-abbins-maintenance-russell-hooded-sweatshirt/k3t9qwbzb4?form_factor=desktop
A59: https://3rdrockclothing.com | B59: WEBSITE UNDER MAINTENANCE
A60: https://iv74.com | B60: 86 | C60: 68 | D60: 71 | E60: 84 | F60: 76 | G60: 95 | H60: https://pagespeed.web.dev/analysis/https-iv74-com/1dqcte6cf6?form_factor=desktop | I60: https://pagespeed.web.dev/analysis/https-iv74-com-collections-all/ko52o78zbg?form_factor=desktop | J60: https://pagespeed.web.dev/analysis/https-iv74-com-products-organic-oversized-cropped-t-shirt-mint-green/45vkb3cwgp?form_factor=desktop
A61: https://69bboutique.com | B61: 58 | C61: 61 | D61: 69 | E61: 93 | F61: 65 | G61: 85 | H61: https://pagespeed.web.dev/analysis/https-69bpetboutique-com/9jtb3jjvvx?form_factor=desktop | I61: https://pagespeed.web.dev/analysis/https-69bpetboutique-com-collections-all/8y9yfmtc2y?form_factor=desktop | J61: https://pagespeed.web.dev/analysis/https-69bpetboutique-com-products-3-blind-mice-cat-toy/o8wjnr3spe?form_factor=mobile
A62: https://87origins.com | B62: 90 | C62: 86 | D62: 80 | E62: 79 | F62: 83 | G62: 70 | H62: https://pagespeed.web.dev/analysis/https-87origins-com/fojaywd3q7?form_factor=desktop | I62: https://pagespeed.web.dev/analysis/https-87origins-com-collections-all/lrpjpkg1zd?form_factor=desktop | J62: https://pagespeed.web.dev/analysis/https-87origins-com-products-alafia-shirt-brown/t2i1bbf7dk?form_factor=desktop
A63: https://97thvintage.com | B63: 33 | C63: 53 | D63: 40 | E63: 12 | F63: 38 | G63: 45 | H63: https://pagespeed.web.dev/analysis/https-97thvintage-com/qjvsoy8y0e?form_factor=desktop | I63: https://pagespeed.web.dev/analysis/https-97thvintage-com-collections-all/j9kbm5pei9?form_factor=mobile | J63: https://pagespeed.web.dev/analysis/https-97thvintage-com-products-1991-womens-rose-bowl-champions-washington-huskies-graphic-sweatshirt-s/1xvht4uugp?form_factor=mobile
A64: https://byanabelle.com | B64: 74 | C64: 57 | D64: 64 | E64: 81 | F64: 37 | G64: 57 | H64: https://pagespeed.web.dev/analysis/https-byanabelle-com/o1otz0sflw?form_factor=desktop | I64: https://pagespeed.web.dev/analysis/https-byanabelle-com-collections-all/if2on3wv2u?form_factor=mobile | J64: https://pagespeed.web.dev/analysis/https-byanabelle-com-products-a-black-white/5fous1senz?form_factor=mobile
A65: https://afarley.co.uk | B65: 46 | C65: 56 | D65: 40 | E65: 52 | F65: 38 | G65: 39 | H65: https://pagespeed.web.dev/analysis/https-afarley-co-uk/91gqmk86yz?form_factor=mobile | I65: https://pagespeed.web.dev/analysis/https-afarley-co-uk-collections-all/u3e82ttmwa?form_factor=desktop | J65: https://pagespeed.web.dev/analysis/https-afarley-co-uk-products-meyer-chino-trousers-roma-luxury-cotton-navy/tkknv4ci6s?form_factor=desktop
A66: https://altarlondon.com | B66: 57 | C66: 80 | D66: 62 | E66: 70 | F66: 64 | G66: 84 | H66: https://pagespeed.web.dev/analysis/https-altarlondon-com/6tpl7mrvy5?form_factor=desktop | I66: https://pagespeed.web.dev/analysis/https-altarlondon-com-collections-all/c6qxorlfui?form_factor=mobile | J66: https://pagespeed.web.dev/analysis/https-altarlondon-com-products-karma/j9ea5vzsdn?form_factor=desktop
A67: https://a-dee.com | B67: 48 | C67: 74 | D67: 55 | E67: 87 | F67: 55 | G67: 68 | H67: https://pagespeed.web.dev/analysis/https-a-dee-com/saf4c9s1gx?form_factor=desktop | I67: https://pagespeed.web.dev/analysis/https-a-dee-com-collections-all/3xybzb53jl?form_factor=desktop | J67: https://pagespeed.web.dev/analysis/https-a-dee-com-products-loopy-logo-long-sleeve-top-1211-beige/onn8x8dy0m?form_factor=mobile
A68: https://a-fashion-day.com | B68: PASSWORD REQUIRED
A69: https://a7.co | B69: 53 | C69: 89 | D69: 56 | E69: 65 | F69: 56 | G69: 74 | H69: https://pagespeed.web.dev/analysis/https-a7-co/3rqm1hhy5s?form_factor=desktop | I69: https://pagespeed.web.dev/analysis/https-a7-co-collections-all/wsiq6gpxru?form_factor=mobile | J69: https://pagespeed.web.dev/analysis/https-a7-co-collections-all-products-2019-strongman-stealth-bar-grip-mens-shirt/949xlcvepw?form_factor=desktop
A70: https://aab-label.com | B70: 42 | C70: 44 | D70: 39 | E70: 46 | F70: 21 | G70: 53 | H70: https://pagespeed.web.dev/analysis/https-aab-label-com/as6ftgknjc?form_factor=desktop | I70: https://pagespeed.web.dev/analysis/https-aab-label-com-collections-all/rvc1olw5w7?form_factor=desktop | J70: https://pagespeed.web.dev/analysis/https-aab-label-com-products-a-line-khaddar-cotton-kurta/lx2u5mew1u?form_factor=mobile
A71: https://aabcollection.com | B71: 37 | C71: 64 | D71: 36 | E71: 50 | F71: 42 | G71: 61 | H71: https://pagespeed.web.dev/analysis/https-aabcollection-com/06wyv6kfcj?form_factor=desktop | I71: https://pagespeed.web.dev/analysis/https-aabcollection-com-collections-all/chbdxgd69f?form_factor=desktop | J71: https://pagespeed.web.dev/analysis/https-aabcollection-com-products-a-line-abaya-nude-ss26/ieoxrizhn4?form_factor=desktop
A72: https://abbey-glass.com | B72: 35 | C72: 59 | D72: 39 | E72: 37 | F72: 35 | G72: 54 | H72: https://pagespeed.web.dev/analysis/https-abbey-glass-com/q8lw1ld6sd?form_factor=desktop | I72: https://pagespeed.web.dev/analysis/https-abbey-glass-com-collections-all/4y3l9dsl9c?form_factor=desktop | J72: https://pagespeed.web.dev/analysis/https-abbey-glass-com-products-abigail-coat-black-and-white-houndstooth-tinsel-tweed/ezxo9zmb6i?form_factor=desktop
A73: https://abbotsshoes.com | B73: 54 | C73: 77 | D73: 36 | E73: 39 | F73: 34 | G73: 42 | H73: https://pagespeed.web.dev/analysis/https-abbotsshoes-com/f85ria48uf?form_factor=desktop | I73: https://pagespeed.web.dev/analysis/https-abbotsshoes-com-collections-all/as8sn31b1e?form_factor=mobile | J73: https://pagespeed.web.dev/analysis/https-abbotsshoes-com-products-09188-navy-blue-suede-tassel-loafers-uk-7-5-us-8-5/vxl5exdjjc?form_factor=desktop
A74: https://aberdevine.co | B74: 68 | C74: 85 | D74: 63 | E74: 51 | F74: 61 | G74: 80 | H74: https://pagespeed.web.dev/analysis/https-aberdevine-co/isyunm4m1y?form_factor=desktop | I74: https://pagespeed.web.dev/analysis/https-aberdevine-co-collections-all/ohvyakelng?form_factor=mobile | J74: https://pagespeed.web.dev/analysis/https-aberdevine-co-products-bodystocking/jbtnjw0hly?form_factor=desktop
A75: https://about---blank.com | B75: 39 | C75: 69 | D75: 50 | E75: 59 | F75: 41 | G75: 61 | H75: https://pagespeed.web.dev/analysis/https-about---blank-com/s4f92cs60m?form_factor=desktop | I75: https://pagespeed.web.dev/analysis/https-about---blank-com-collections-all/6ttlsccbm8?form_factor=desktop | J75: https://pagespeed.web.dev/analysis/https-about---blank-com-products-alpaca-crew-alpaca-mix-light-grey/3fwfve9t6f?form_factor=desktop
A76: https://acaioutdoorwear.com | B76: 43 | C76: 65 | D76: 56 | E76: 79 | F76: 59 | G76: 78 | H76: https://pagespeed.web.dev/analysis/https-acaioutdoorwear-com/wl0u4llx9d?form_factor=desktop | I76: https://pagespeed.web.dev/analysis/https-acaioutdoorwear-com-collections-all/islqf98qn5?form_factor=desktop | J76: https://pagespeed.web.dev/analysis/https-acaioutdoorwear-com-products-essence-long-sleeve-baselayer-grey-marl/oilheoi9vj?form_factor=desktop
A77: https://acien.es | B77: 50 | C77: 71 | D77: 61 | E77: 64 | F77: 62 | G77: 73 | H77: https://pagespeed.web.dev/analysis/https-acien-es/i8152fnzpl?form_factor=desktop | I77: https://pagespeed.web.dev/analysis/https-acien-es-collections-all/f1rjfa2wjv?form_factor=desktop | J77: https://pagespeed.web.dev/analysis/https-acien-es-products-blossom-purple-and-pink-cuffs/mkbw7glr5i?form_factor=desktop
A78: https://adamans.com | B78: 51 | C78: 78 | D78: 55 | E78: 71 | F78: 43 | G78: 64 | H78: https://pagespeed.web.dev/analysis/https-adamans-com/o7eg6agvgk?form_factor=desktop | I78: https://pagespeed.web.dev/analysis/https-adamans-com-collections-all/xtwxpf6pfo?form_factor=desktop | J78: https://pagespeed.web.dev/analysis/https-adamans-com-products-rope-chain-white-gold/bcxu0f5vdo?form_factor=desktop
A79: https://adeu.cl | B79: 46 | C79: 61 | D79: 54 | E79: 59 | F79: 68 | G79: 88 | H79: https://pagespeed.web.dev/analysis/https-www-adeu-cl/jirxm95oso?form_factor=desktop | I79: https://pagespeed.web.dev/analysis/https-www-adeu-cl-collections-all/cipmjlee7i?form_factor=desktop | J79: https://pagespeed.web.dev/analysis/https-www-adeu-cl-products-maxicolet/7sgnthek8y?form_factor=desktop
A80: https://adjoaa.com | B80: 51 | C80: 78 | D80: 41 | E80: 29 | F80: 43 | G80: 37 | H80: https://pagespeed.web.dev/analysis/https-adamans-com/o7eg6agvgk?form_factor=mobile | I80: https://pagespeed.web.dev/analysis/https-www-adjoaa-com-collections-all/edqs8vslky?form_factor=desktop | J80: https://pagespeed.web.dev/analysis/https-www-adjoaa-com-collections-all-products-ajabeng-onoa-black-shorts/59zg4nnr4j?form_factor=desktop
A81: https://adoraswim.com | B81: 53 | C81: 81 | D81: 51 | E81: 42 | F81: 53 | G81: 69 | H81: https://pagespeed.web.dev/analysis/https-www-adoraswim-com/ic9uas0d66?form_factor=desktop | I81: https://pagespeed.web.dev/analysis/https-www-adoraswim-com-collections-all/ek512407ua?form_factor=desktop | J81: https://pagespeed.web.dev/analysis/https-www-adoraswim-com-products-adora-swimsuit-brown/3j14ctizwv?form_factor=desktop
A82: https://adptmode.com | B82: 96 | C82: 99 | D82: NA | E82: NA | F82: NA | G82: NA | H82: https://pagespeed.web.dev/analysis/https-adptmode-com-password/mdmz4g9937?form_factor=desktop | I82: NA | J82: NA
A83: https://boneite.com | B83: 81 | C83: 96 | D83: NA | E83: NA | F83: NA | G83: NA | H83: https://pagespeed.web.dev/analysis/https-aexae-com/4t8ulri0j0?form_factor=desktop | I83: NA | J83: NA
A84: https://afacollective.com | B84: SITE IS NOT RESPONSIVE
A85: https://agrknit.co.uk | B85: 60 | C85: 62 | D85: 36 | E85: 29 | F85: 30 | G85: 51 | H85: https://pagespeed.web.dev/analysis/https-agrknit-co-uk/wlpcx8ccff?form_factor=desktop | I85: https://pagespeed.web.dev/analysis/https-agrknit-co-uk-collections-all/ospimsqmg1?form_factor=desktop | J85: https://pagespeed.web.dev/analysis/https-agrknit-co-uk-products-agr-lenticular-large-tote/tt5vo6110t?form_factor=desktop
A86: https://aimelondon.com | B86: 56 | C86: 65 | D86: 42 | E86: 66 | F86: 56 | G86: 89 | H86: https://pagespeed.web.dev/analysis/https-aimelondon-com-https-aimelondon-com/xe63fpdvi8?form_factor=desktop | I86: https://pagespeed.web.dev/analysis/https-aimelondon-com-collections-all/376sa3aq31?form_factor=desktop | J86: https://pagespeed.web.dev/analysis/https-aimelondon-com-products-aw23-retail-jesse-kamm-225s-pant-deep-dark-blue/giyzr6ey0p?form_factor=desktop
A87: https://ajpgshop.com | B87: 74 | C87: 91 | D87: 91 | E87: 96 | F87: 73 | G87: 86 | H87: https://pagespeed.web.dev/analysis/https-www-ajpgshop-com/6o86pgtivo?form_factor=desktop | I87: https://pagespeed.web.dev/analysis/https-www-ajpgshop-com-collections-all/ehtkc5pb11?form_factor=desktop | J87: https://pagespeed.web.dev/analysis/https-www-ajpgshop-com-products-armani-beige-navy-00s-raglan-sleeve-wool-knit-jumper/rlgpy3jr60?form_factor=desktop
A88: https://alabaster.london | B88: CONNECTION IS NOT PRIVATE
A89: https://alamain.co.uk | B89: 75 | C89: 97 | D89: 63 | E89: 68 | F89: 71 | G89: 93 | H89: https://pagespeed.web.dev/analysis/https-alamain-co-uk/yxhfkp4lrb?form_factor=desktop | I89: https://pagespeed.web.dev/analysis/https-alamain-co-uk-collections-all/h8dvcf8hvg?form_factor=desktop | J89: https://pagespeed.web.dev/analysis/https-alamain-co-uk-products-abstract-floral-cotton-batiste/tef4jtkaxd?form_factor=desktop
A90: https://albaray.co.uk | B90: 46 | C90: 65 | D90: 32 | E90: 59 | F90: 36 | G90: 58 | H90: https://pagespeed.web.dev/analysis/https-www-albaray-co-uk/o2h4firzbc?form_factor=mobile | I90: https://pagespeed.web.dev/analysis/https-www-albaray-co-uk-collections-all/qnzpbunonq?form_factor=desktop | J90: https://pagespeed.web.dev/analysis/https-www-albaray-co-uk-products-90s_straight_leg_jean_aw23/saxgqv9x5x?form_factor=desktop
A91: https://alessandrareli.com | B91: 54 | C91: 59 | D91: 55 | E91: 58 | F91: 28 | G91: 53 | H91: https://pagespeed.web.dev/analysis/https-www-alessandrareli-com/ac91qbn389?form_factor=desktop | I91: https://pagespeed.web.dev/analysis/https-www-alessandrareli-com-collections-all/mum6autqn6?form_factor=desktop | J91: https://pagespeed.web.dev/analysis/https-www-alessandrareli-com-products-milan-crewneck-jumper/wpmbhojisa?form_factor=desktop
A92: https://alexandernight.com | B92: 68 | C92: 72 | D92: 74 | E92: 80 | F92: 54 | G92: 78 | H92: https://pagespeed.web.dev/analysis/https-alexandernight-com/wva8endfh7?form_factor=desktop | I92: https://pagespeed.web.dev/analysis/https-alexandernight-com-collections-all/j4az0huanp?form_factor=desktop | J92: https://pagespeed.web.dev/analysis/https-alexandernight-com-products-latex-g-string-black/npguye0b2t?form_factor=mobile
A93: https://alexanderpace.co.uk | B93: 60 | C93: 70 | D93: 78 | E93: 92 | F93: 60 | G93: 97 | H93: https://pagespeed.web.dev/analysis/https-www-alexanderpace-co-uk/tsxa1am41m?form_factor=desktop | I93: https://pagespeed.web.dev/analysis/https-www-alexanderpace-co-uk-collections-all/jqlur62s0e?form_factor=desktop | J93: https://pagespeed.web.dev/analysis/https-www-alexanderpace-co-uk-products-dusk-black-cloud-eua-de-parfum-100ml/fso2m73c28?form_factor=desktop
A94: https://alicemadethis.com | B94: 49 | C94: 82 | D94: 59 | E94: 66 | F94: 51 | G94: 54 | H94: https://pagespeed.web.dev/analysis/https-www-alicemadethis-com/pzglndcpdv?form_factor=desktop | I94: https://pagespeed.web.dev/analysis/https-www-alicemadethis-com-collections-all/obr8kbw269?form_factor=desktop | J94: https://pagespeed.web.dev/analysis/https-www-alicemadethis-com-products-copper-cufflinks-alexander/thd9ftw90f?form_factor=desktop
A95: https://aligne.co | B95: 43 | C95: 55 | D95: 34 | E95: 55 | F95: 43 | G95: 57 | H95: https://pagespeed.web.dev/analysis/https-aligne-co/9lvqztybjx?form_factor=desktop | I95: https://pagespeed.web.dev/analysis/https-aligne-co-collections-all/vqln310ck5?form_factor=desktop | J95: https://pagespeed.web.dev/analysis/https-aligne-co-products-alex-suede-jacket-brown/zfjnip2vu0?form_factor=desktop
A96: https://allez-kit.com | B96: 56 | C96: 92 | D96: 56 | E96: 70 | F96: 53 | G96: 72 | H96: https://pagespeed.web.dev/analysis/https-allez-kit-com/v7p6bn5vrx?form_factor=desktop | I96: https://pagespeed.web.dev/analysis/https-allez-kit-com-collections-all/j5avgpzz9y?form_factor=desktop | J96: https://pagespeed.web.dev/analysis/https-allez-kit-com-products-6-classic-black-shorts/d0u6ljhvhd?form_factor=desktop
A97: https://allycapellino.co.uk | B97: 27 | C97: 37 | D97: 34 | E97: 55 | F97: 43 | G97: 57 | H97: https://pagespeed.web.dev/analysis/https-www-allycapellino-co-uk/ae0yinscj4?form_factor=desktop | I97: https://pagespeed.web.dev/analysis/https-aligne-co-collections-all/vqln310ck5?form_factor=desktop | J97: https://pagespeed.web.dev/analysis/https-aligne-co-products-alex-suede-jacket-brown/zfjnip2vu0?form_factor=desktop
A98: https://almaarie.com | B98: 67 | C98: 99 | D98: 44 | E98: 45 | F98: 45 | G98: 73 | H98: https://pagespeed.web.dev/analysis/https-www-almaarie-com/c9fhr0lth4?form_factor=desktop | I98: https://pagespeed.web.dev/analysis/https-www-almaarie-com-collections-all/9b4vq3o5j9?form_factor=mobile | J98: https://pagespeed.web.dev/analysis/https-www-almaarie-com-products-autumn-raspberry-and-amber-rose-candle/h1ambjh6p3?form_factor=desktop
A99: https://almostanything.co.uk | B99: 27 | C99: 37 | D99: 34 | E99: 55 | F99: 43 | G99: 57 | H99: https://pagespeed.web.dev/analysis/https-www-allycapellino-co-uk/ae0yinscj4?form_factor=desktop | I99: https://pagespeed.web.dev/analysis/https-aligne-co-collections-all/vqln310ck5?form_factor=desktop | J99: https://pagespeed.web.dev/analysis/https-aligne-co-products-alex-suede-jacket-brown/zfjnip2vu0?form_factor=desktop
A100: https://altera.london | B100: 38 | C100: 61 | D100: 16 | E100: 30 | F100: 23 | G100: 34 | H100: https://pagespeed.web.dev/analysis/https-www-altera-london/16qdour00e?form_factor=desktop | I100: https://pagespeed.web.dev/analysis/https-www-altera-london-collections-all/4ck167zoz0?form_factor=desktop | J100: https://pagespeed.web.dev/analysis/https-www-altera-london-products-alt_102-the-halter/7rtx0loyk3?form_factor=desktop
A101: https://altuzarra.com | B101: 65 | C101: 82 | D101: 50 | E101: 92 | F101: 45 | G101: 82 | H101: https://pagespeed.web.dev/analysis/https-altuzarra-com/k7asp9i1se?form_factor=desktop | I101: https://pagespeed.web.dev/analysis/https-altuzarra-com-collections-all/rybho43q8t?form_factor=desktop | J101: https://pagespeed.web.dev/analysis/https-altuzarra-com-products-a-belt-black/15xrflu1l3?form_factor=desktop
A102: https://alunora.co.uk | B102: 38 | C102: 61 | D102: NA | E102: NA | F102: NA | G102: NA | H102: https://pagespeed.web.dev/analysis/https-www-altera-london/16qdour00e?form_factor=mobile | I102: NA | J102: NA
A103: https://amelia-scott.com | B103: 60 | C103: 86 | D103: 69 | E103: 85 | F103: 51 | G103: 72 | H103: https://pagespeed.web.dev/analysis/https-amelia-scott-com/z2wedklpyg?form_factor=desktop | I103: https://pagespeed.web.dev/analysis/https-amelia-scott-com-collections-all/fu7i6ldmwu?form_factor=desktop | J103: https://pagespeed.web.dev/analysis/https-amelia-scott-com-products-amelia-stacking-bracelet-emerald-green-gold/xle5rmcvc8?form_factor=desktop
A104: https://amilu.co.uk | B104: 54 | C104: 65 | D104: 58 | E104: 80 | F104: 55 | G104: 64 | H104: https://pagespeed.web.dev/analysis/https-amilu-co-uk/10i79wzpcr?form_factor=desktop | I104: https://pagespeed.web.dev/analysis/https-amilu-co-uk-collections-all/3gltox3jf7?form_factor=desktop | J104: https://pagespeed.web.dev/analysis/https-amilu-co-uk-products-copy-of-grey-fergus-harris-tweed-small-tote-bag/ufkofsb8xa?form_factor=desktop
A105: https://aminamuaddi.com | B105: 56 | C105: 90 | D105: 69 | E105: 85 | F105: 51 | G105: 72 | H105: https://pagespeed.web.dev/analysis/https-www-aminamuaddi-com/37nsadsx61?form_factor=desktop | I105: https://pagespeed.web.dev/analysis/https-amelia-scott-com-collections-all/fu7i6ldmwu?form_factor=mobile | J105: https://pagespeed.web.dev/analysis/https-amelia-scott-com-products-amelia-stacking-bracelet-emerald-green-gold/xle5rmcvc8?form_factor=mobile
A106: https://amyjanelondon.com | B106: 39 | C106: 60 | D106: 41 | E106: 59 | F106: 59 | G106: 59 | H106: https://pagespeed.web.dev/analysis/https-amyjanelondon-co-uk/gfjb9q721y?form_factor=desktop | I106: https://pagespeed.web.dev/analysis/https-amyjanelondon-co-uk/paoma1ospd?form_factor=desktop | J106: https://pagespeed.web.dev/analysis/https-amyjanelondon-co-uk-products-rosie-mini-dress/5rj7fmwsw9?form_factor=desktop
A107: https://anaario.in | B107: 37 | C107: 90 | D107: 49 | E107: 66 | F107: 46 | G107: 58 | H107: https://pagespeed.web.dev/analysis/https-anaario-in/vuozcm67yv?form_factor=desktop | I107: https://pagespeed.web.dev/analysis/https-anaario-in-collections-all/n8egit0iin?form_factor=desktop | J107: https://pagespeed.web.dev/analysis/https-anaario-in-collections-all-products-summer-daze-dress/fevfzs8fbl?form_factor=desktop
A108: https://anabolicapparel.store | B108: 28 | C108: 64 | D108: 45 | E108: 39 | F108: 33 | G108: 43 | H108: https://pagespeed.web.dev/analysis/https-anabolicapparel-store/o52ci4khqg?form_factor=desktop | I108: https://pagespeed.web.dev/analysis/https-anabolicapparel-store-collections-all/87v85yhu0s?form_factor=desktop | J108: https://pagespeed.web.dev/analysis/https-anabolicapparel-store-products-anabolic-princess-flag-1/evx0dwuiag?form_factor=desktop
A109: https://anacondafightwear.co | B109: 64 | C109: 98 | D109: 86 | E109: 99 | F109: 67 | G109: 99 | H109: https://pagespeed.web.dev/analysis/https-anacondaperformance-com/kao3z1ca0t?form_factor=desktop | I109: https://pagespeed.web.dev/analysis/https-anacondaperformance-com-collections-all/z538jkm2ap?form_factor=desktop | J109: https://pagespeed.web.dev/analysis/https-anacondaperformance-com-products-calf-sleeve/wxo5oosmpj?form_factor=desktop
A110: https://anatomicshoes.com | B110: 56 | C110: 53 | D110: 38 | E110: 72 | F110: 47 | G110: 53 | H110: https://pagespeed.web.dev/analysis/https-anatomicshoes-com/4ml23ny3ho?form_factor=desktop | I110: https://pagespeed.web.dev/analysis/https-anatomicshoes-com-collections-all/k3rgcvizja?form_factor=desktop | J110: https://pagespeed.web.dev/analysis/https-anatomicshoes-com-products-abade-mens-lace-up-boots/221wsvsri8?form_factor=desktop
A111: https://andrewchristian.com | B111: 86 | C111: 98 | D111: NA | E111: NA | F111: NA | G111: NA | H111: https://pagespeed.web.dev/analysis/https-www-andrewchristian-com-password/banstoiqz8?form_factor=desktop | I111: NA | J111: NA
A112: https://angeldesired.com | B112: 73 | C112: 89 | D112: NA | E112: NA | F112: NA | G112: NA | H112: https://pagespeed.web.dev/analysis/https-www-angeldesired-co-uk/ouj3fnw17u?form_factor=desktop | I112: NA | J112: NA
A113: https://angels-face.co.uk | B113: 28 | C113: 34 | D113: 35 | E113: 35 | F113: 30 | G113: 34 | H113: https://pagespeed.web.dev/analysis/https-angels-face-co-uk/trb9ig1ivg?form_factor=desktop | I113: https://pagespeed.web.dev/analysis/https-angels-face-co-uk-collections-all/wmj2vzg9qf?form_factor=desktop | J113: https://pagespeed.web.dev/analysis/https-angels-face-co-uk-products-taylor-1st-birthday-top-fairy-pink/5rfayj5o99?form_factor=desktop
A114: https://angloitalian.com | B114: 31 | C114: 31 | D114: ERROR | E114: ERROR | F114: 34 | G114: 29 | H114: https://pagespeed.web.dev/analysis/https-angloitalian-com/swgmulelkx?form_factor=mobile | I114: ERROR | J114: https://pagespeed.web.dev/analysis/https-angloitalian-com-products-suit-double-breasted-grey-glen-plaid-sky-overcheck/6zxpbg6aa5?form_factor=desktop
A115: https://angrypablo.cc | B115: 65 | C115: 88 | D115: 74 | E115: 91 | F115: 73 | G115: 98 | H115: https://pagespeed.web.dev/analysis/https-www-angrypablo-cc/u3xhun51vb?form_factor=mobile | I115: https://pagespeed.web.dev/analysis/https-www-angrypablo-cc-collections-all/nvgz56dqky?form_factor=desktop | J115: https://pagespeed.web.dev/analysis/https-www-angrypablo-cc-products-angry-pablo-x-nalgene%C2%AE-bottle-32oz/4bnwe6uo09?form_factor=desktop
A116: https://anitaflavina.com | B116: 54 | C116: 80 | D116: 56 | E116: 64 | F116: 32 | G116: 58 | H116: https://pagespeed.web.dev/analysis/https-www-anitaflavina-com/tay3zolja9?form_factor=desktop | I116: https://pagespeed.web.dev/analysis/https-www-anitaflavina-com-collections-all/mq6t8yvaqz?form_factor=desktop | J116: https://pagespeed.web.dev/analysis/https-www-anitaflavina-com-products-andra-t-ladies-latin-dance-shoes-pink/hunz66kmyj?form_factor=desktop
A117: https://annelouiseboutique.com | B117: 66 | C117: 77 | D117: 41 | E117: 47 | F117: 48 | G117: 64 | H117: https://pagespeed.web.dev/analysis/https-www-alblondon-co-uk/wyecm561gc?form_factor=desktop | I117: https://pagespeed.web.dev/analysis/https-www-alblondon-co-uk-collections-all/gdmry667n7?form_factor=desktop | J117: https://pagespeed.web.dev/analysis/https-www-alblondon-co-uk-products-ada-floral/4y1epiqfs8?form_factor=desktop
A118: https://anniesibiza.com | B118: 56 | C118: 81 | D118: 30 | E118: 56 | F118: 56 | G118: 58 | H118: https://pagespeed.web.dev/analysis/https-anniesibiza-com/qpc8tzl0s8?form_factor=desktop | I118: https://pagespeed.web.dev/analysis/https-anniesibiza-com-collections-all/d4incuqdif?form_factor=desktop | J118: https://pagespeed.web.dev/analysis/https-anniesibiza-com-collections-all-products-el-dorado-bolero/otwkdru16x?form_factor=mobile
A119: https://annina-dirndl.com | B119: 62 | C119: 76 | D119: 74 | E119: 56 | F119: 77 | G119: 55 | H119: https://pagespeed.web.dev/analysis/https-annina-com/w7yyz43jo4?form_factor=desktop | I119: https://pagespeed.web.dev/analysis/https-annina-com-collections-all/htff3i2tb3?form_factor=desktop | J119: https://pagespeed.web.dev/analysis/https-annina-com-products-alice-dress-new/nh7e38wwns?form_factor=desktop
A120: https://anotherdepartment.com | B120: 61 | C120: 72 | D120: 57 | E120: 91 | F120: 59 | G120: 83 | H120: https://pagespeed.web.dev/analysis/https-www-anotherdepartment-com/scx2y6d5yk?form_factor=desktop | I120: https://pagespeed.web.dev/analysis/https-www-anotherdepartment-com-collections-all/2hciwgt3us?form_factor=desktop | J120: https://pagespeed.web.dev/analysis/https-www-anotherdepartment-com-products-photosynthesis-longsleeve/j630vew9km?form_factor=desktop
A121: https://anta.co.uk | B121: 36 | C121: 74 | D121: 40 | E121: 65 | F121: 37 | G121: 63 | H121: https://pagespeed.web.dev/analysis/https-www-anta-co-uk/g4yen5fxbj?form_factor=desktop | I121: https://pagespeed.web.dev/analysis/https-www-anta-co-uk-collections-all/gprzb9nsg4?form_factor=desktop | J121: https://pagespeed.web.dev/analysis/https-www-anta-co-uk-products-isobel-anderson-alphabet-decoration/f5hq1m5inx?form_factor=desktop
...

Sheet Backup-Shuvojit
A1: Owner | B1: Website | C1: Home Page | E1: Collection Page | G1: Product Details Page | I1: Page Speed URLs
C2: Mobile | D2: Desktop | E2: Mobile | F2: Desktop | G2: Mobile | H2: Desktop | I2: Home Page | J2: Collection Page | K2: PDP
A3: =VLOOKUP(TRIM(B3),Hrisikesh!A:B,2,0) -> 31 | B3: https://spiralusa.com | C3: 31 | D3: 42 | E3: 30 | F3: 34 | G3: 29 | H3: 37 | I3: https://pagespeed.web.dev/analysis/https-www-spiralusa-com/8hz3ye3ry4?form_factor=desktop | J3: https://pagespeed.web.dev/analysis/https-www-spiralusa-com-collections-all/rgozhg8xd8?form_factor=desktop | K3: https://pagespeed.web.dev/analysis/https-www-spiralusa-com-products-system-of-a-down-hand-t-shirt-black/onp405zaon?form_factor=desktop
A4: =VLOOKUP(TRIM(B4),Hrisikesh!A:B,2,0) -> 26 | B4: https://matchlesslondon.com | C4: 26 | D4: 44 | E4: 23 | F4: 44 | G4: NA | H4: NA | I4: https://pagespeed.web.dev/analysis/https-matchlesslondon-com-pages-boutique/nh3t3naxgo?form_factor=desktop | J4: https://pagespeed.web.dev/analysis/https-matchlesslondon-com/pe7e51wyiu?form_factor=mobile | K4: NA
A5: =VLOOKUP(TRIM(B5),Hrisikesh!A:B,2,0) -> 28 | B5: https://youngsoles.com | C5: 28 | D5: 46 | E5: 53 | F5: 63 | G5: 22 | H5: 56 | I5: https://pagespeed.web.dev/analysis/https-www-youngsoles-com/imi3ntt235?form_factor=desktop | J5: https://pagespeed.web.dev/analysis/https-www-youngsoles-com-collections-all/gy23vd05yr?form_factor=desktop | K5: https://pagespeed.web.dev/analysis/https-www-youngsoles-com-products-penny-kids-shoe-black/pvrhk3nzex?form_factor=mobile
A6: =VLOOKUP(TRIM(B6),Hrisikesh!A:B,2,0) -> 48 | B6: https://areweoblivious.com | C6: 48 | D6: 62 | E6: 40 | F6: 71 | G6: 51 | H6: 47 | I6: https://pagespeed.web.dev/analysis/https-www-areweoblivious-com/cs7gt7hzad?form_factor=desktop | J6: https://pagespeed.web.dev/analysis/https-www-areweoblivious-com-collections-all/k16xa40nqs?form_factor=desktop | K6: https://pagespeed.web.dev/analysis/https-www-areweoblivious-com-products-who-cares-what-other-people-think-dark-green-t-shirt/u2bzkbh6z5?form_factor=desktop
A7: =VLOOKUP(TRIM(B7),Hrisikesh!A:B,2,0) -> 49 | B7: https://samuel-windsor.co.uk | C7: 49 | D7: 80 | E7: 58 | F7: 78 | G7: 45 | H7: 62 | I7: https://pagespeed.web.dev/analysis/https-www-samuel-windsor-co-uk/w3xzxkvx6o?form_factor=desktop | J7: https://pagespeed.web.dev/analysis/https-www-samuel-windsor-co-uk-collections-all/h4jutivwll?form_factor=desktop | K7: https://pagespeed.web.dev/analysis/https-www-samuel-windsor-co-uk-products-admiral-deck-shoe-brown/dw99q9f3im?form_factor=desktop
A8: =VLOOKUP(TRIM(B8),Hrisikesh!A:B,2,0) -> 43 | B8: https://rebelliousfashion.com | C8: 43 | D8: 76 | E8: 38 | F8: 45 | G8: 24 | H8: 63 | I8: https://pagespeed.web.dev/analysis/https-rebelliousfashion-com/9043cghita?form_factor=desktop | J8: https://pagespeed.web.dev/analysis/https-rebelliousfashion-com-collections-all/kcduob2219?form_factor=desktop | K8: https://pagespeed.web.dev/analysis/https-rebelliousfashion-com-products-black-tailored-blazer-playsuit-minzi/oni33b68tw?form_factor=desktop
A9: =VLOOKUP(TRIM(B9),Hrisikesh!A:B,2,0) -> 43 | B9: https://lalagebeaumont.com | C9: 43 | D9: 61 | E9: 41 | F9: 54 | G9: 33 | H9: 45 | I9: https://pagespeed.web.dev/analysis/https-lalagebeaumont-com/5cym3plnh0?form_factor=desktop | J9: https://pagespeed.web.dev/analysis/https-lalagebeaumont-com-collections-all/lle02qqn68?form_factor=desktop | K9: https://pagespeed.web.dev/analysis/https-lalagebeaumont-com-products-12mm-mother-of-pearl-stud-earrings-pink/uek7osufue?form_factor=mobile
A10: =VLOOKUP(TRIM(B10),Hrisikesh!A:B,2,0) -> 56 | B10: https://luxurypromise.com | C10: 56 | D10: 39 | E10: 44 | F10: 53 | G10: 38 | H10: 61 | I10: https://pagespeed.web.dev/analysis/https-luxurypromise-com/18dfht6cll?form_factor=desktop | J10: https://pagespeed.web.dev/analysis/https-luxurypromise-com-collections-all/ljowrjxjkd?form_factor=mobile | K10: https://pagespeed.web.dev/analysis/https-luxurypromise-com-collections-all-products-new-birkin-shoulder-29-poussiere-evercolor-permabrass-hardware-stamp-k-full-set-original-receipt-sycf1561/h4gmr0qgdp?form_factor=desktop
A11: =VLOOKUP(TRIM(B11),Hrisikesh!A:B,2,0) -> 40 | B11: https://revivalvintage.co.uk | C11: 40 | D11: 65 | E11: 37 | F11: 33 | G11: 35 | H11: 61 | I11: https://pagespeed.web.dev/analysis/https-revivalvintage-co-uk/uhfzpsepd8?form_factor=mobile | J11: https://pagespeed.web.dev/analysis/https-revivalvintage-co-uk-collections-all/3hganywbdc?form_factor=desktop | K11: https://pagespeed.web.dev/analysis/https-revivalvintage-co-uk-products-1940s-deliverance-demob-jacket-blue-herringbone/udi4r8dbgu?form_factor=mobile
A12: =VLOOKUP(TRIM(B12),Hrisikesh!A:B,2,0) -> 14 | B12: https://universalworks.com | C12: 14 | D12: 42 | E12: 36 | F12: 45 | G12: 20 | H12: 51 | I12: https://pagespeed.web.dev/analysis/https-universalworks-com/5a4gdo4ina?form_factor=desktop | J12: https://pagespeed.web.dev/analysis/https-universalworks-com/cixkb0tobf?form_factor=mobile | K12: https://pagespeed.web.dev/analysis/https-universalworks-com-products-dark-navy-ospina-cotton-oxford-pant/ji9ll02n9w?form_factor=desktop
A13: =VLOOKUP(TRIM(B13),Hrisikesh!A:B,2,0) -> 54 | B13: https://wiggykit.com | C13: 54 | D13: 63 | E13: 52 | F13: 54 | G13: 61 | H13: 78 | I13: https://pagespeed.web.dev/analysis/https-www-wiggykit-com/kphqpihbef?form_factor=desktop | J13: https://pagespeed.web.dev/analysis/https-www-wiggykit-com-collections-all/zdgtyecvcq?form_factor=desktop | K13: https://pagespeed.web.dev/analysis/https-www-wiggykit-com-products-the-keeper-dress/e3trv0anin?form_factor=desktop
A14: =VLOOKUP(TRIM(B14),Hrisikesh!A:B,2,0) -> 45 | B14: https://privatewhitevc.com | C14: 45 | D14: 59 | E14: 29 | F14: 44 | G14: 36 | H14: 42 | I14: https://pagespeed.web.dev/analysis/https-www-privatewhitevc-com/ggzg100el1?form_factor=mobile | J14: https://pagespeed.web.dev/analysis/https-www-privatewhitevc-com-collections-all/f6y4aben3z?form_factor=desktop | K14: https://pagespeed.web.dev/analysis/https-www-privatewhitevc-com-products-the-submariner-parka-1/ugsaofwpih?form_factor=desktop
A15: =VLOOKUP(TRIM(B15),Hrisikesh!A:B,2,0) -> 58 | B15: https://palaceofnowhere.co.uk | C15: 58 | D15: 25 | E15: 65 | F15: 74 | G15: 62 | H15: 64 | I15: https://pagespeed.web.dev/analysis/https-palaceofnowhere-co-uk/2ffurvjenf?form_factor=desktop | J15: https://pagespeed.web.dev/analysis/https-palaceofnowhere-co-uk-collections-all/9gxd3nwsm5?form_factor=desktop | K15: https://pagespeed.web.dev/analysis/https-palaceofnowhere-co-uk-products-2-x-vintage-60s-verrerie-d-arques-pressed-glass-candle-holders/tfkbkd7ouq?form_factor=desktop
A16: =VLOOKUP(TRIM(B16),Hrisikesh!A:B,2,0) -> 47 | B16: https://thrifted.com | C16: 47 | D16: 36 | E16: 33 | F16: 48 | G16: 38 | H16: 62 | I16: https://pagespeed.web.dev/analysis/https-www-thrifted-com/rdxsyvn1e8?form_factor=desktop | J16: https://pagespeed.web.dev/analysis/https-www-thrifted-com-collections-all/elr7v7grs1?form_factor=mobile | K16: https://pagespeed.web.dev/analysis/https-www-thrifted-com-products-southern-new-hampshire-university-champion-hoodie-mens-grey-small-61353-a-new/hgzufyoubd?form_factor=desktop
... A41: =VLOOKUP(TRIM(B41),Hrisikesh!A:B,2,0) -> 54 | B41: https://room24.co.uk | C41: 54 | D41: 58 | E41: 68 | F41: 86 | G41: 54 | H41: 64 | I41: https://pagespeed.web.dev/analysis/https-room24-co-uk/kjgoqduvg5?form_factor=mobile | J41: https://pagespeed.web.dev/analysis/https-room24-co-uk-collections-all/yq3sq57pnm?form_factor=desktop | K41: https://pagespeed.web.dev/analysis/https-room24-co-uk-products-alexa-one-piece-black-copy/8flumb29n8?form_factor=desktop
A42: =VLOOKUP(TRIM(B42),Hrisikesh!A:B,2,0) -> 28 | B42: https://oliviavonhalle.com | C42: 28 | D42: 35 | E42: 30 | F42: 27 | G42: 28 | H42: 63 | I42: https://pagespeed.web.dev/analysis/https-oliviavonhalle-com/c6kahtlg7s?form_factor=desktop | J42: https://pagespeed.web.dev/analysis/https-oliviavonhalle-com-collections-all/ceqpchfb99?form_factor=desktop
A43: =VLOOKUP(TRIM(B43),Hrisikesh!A:B,2,0) -> 56 | B43: https://luxurypromise.com | C43: 32 | D43: 37 | E43: 42 | F43: 59 | G43: 53 | H43: 65 | I43: https://pagespeed.web.dev/analysis/https-luxurypromise-com/e09nkttvxz?form_factor=desktop | J43: https://pagespeed.web.dev/analysis/https-luxurypromise-com-collections-all/i57szil3ku?form_factor=desktop | K43: https://pagespeed.web.dev/analysis/https-luxurypromise-com-collections-all-products-vintage-chanel-classic-flap-medium-chain-shoulder-bag-red-lamb-skin-gold-hardware-90308215/dzjx8pdnde?form_factor=desktop
A44: =VLOOKUP(TRIM(B44),Hrisikesh!A:B,2,0) -> 49 | B44: https://tocoswim.com | C44: 49 | D44: 63 | E44: 46 | F44: 37 | G44: 28 | H44: 63 | I44: https://pagespeed.web.dev/analysis/https-tocoswim-com/nl0ss802eb?form_factor=desktop | J44: https://pagespeed.web.dev/analysis/https-tocoswim-com-collections-all/fsby7qqgcv?form_factor=desktop | K44: https://pagespeed.web.dev/analysis/https-tocoswim-com-products-agni-halter-neck-triangle-bikini-top-picante-red-pink-gold-flower-print/mktiwu8n14?form_factor=desktop
A45: =VLOOKUP(TRIM(B45),Hrisikesh!A:B,2,0) -> 47 | B45: https://pomodoroclothing.com | C45: 47 | D45: 80 | E45: 87 | F45: 98 | G45: NA | H45: NA | I45: https://pagespeed.web.dev/analysis/https-www-pomodoroclothing-com/hu1oz4dioi?form_factor=desktop | J45: https://pagespeed.web.dev/analysis/https-www-pomodoroclothing-com-pages-collection/0juzywprgc?form_factor=desktop | K45: NA
A46: =VLOOKUP(TRIM(B46),Hrisikesh!A:B,2,0) -> 36 | B46: https://paradoxlondon.com | C46: 36 | D46: 44 | E46: 37 | F46: 49 | G46: 39 | H46: 40 | I46: https://pagespeed.web.dev/analysis/https-www-paradoxlondon-com/11cngkxkxs?form_factor=desktop | J46: https://pagespeed.web.dev/analysis/https-www-paradoxlondon-com-collections-all/28y21wknq6?form_factor=desktop | K46: https://pagespeed.web.dev/analysis/https-www-paradoxlondon-com-products-adorn-ivory-wide-fit-satin-block-heel-wedding-shoes/fpcltt9us5?form_factor=desktop
A47: =VLOOKUP(TRIM(B47),Hrisikesh!A:B,2,0) -> 58 | B47: https://maharishistore.com | C47: 58 | D47: 67 | E47: 47 | F47: 68 | G47: 46 | H47: 58 | I47: https://pagespeed.web.dev/analysis/https-www-maharishistore-com/yjapzv6t8q?form_factor=desktop | J47: https://pagespeed.web.dev/analysis/https-www-maharishistore-com-collections-all/oepv8dwkyg?form_factor=desktop | K47: https://pagespeed.web.dev/analysis/https-www-maharishistore-com-products-1113-maha-malice-monk-sling-bag-olive/etkhpaz2f0?form_factor=desktop
A48: =VLOOKUP(TRIM(B48),Hrisikesh!A:B,2,0) -> 34 | B48: https://stripeandstare.com | C48: 34 | D48: 60 | E48: 31 | F48: 53 | G48: 30 | H48: 44 | I48: https://pagespeed.web.dev/analysis/https-stripeandstare-com/8wycfqlzmw?form_factor=desktop | J48: https://pagespeed.web.dev/analysis/https-stripeandstare-com/3bellsl5eb?form_factor=desktop | K48: https://pagespeed.web.dev/analysis/https-stripeandstare-com-products-triangle-lace-bra-black/9n9wjlsz14?form_factor=desktop
A49: =VLOOKUP(TRIM(B49),Hrisikesh!A:B,2,0) -> 96 | B49: https://exude.in | C49: 96 | D49: 88 | E49: 55 | F49: 58 | G49: 83 | H49: 58 | I49: https://pagespeed.web.dev/analysis/https-www-exude-in/uwet1xr4sh?form_factor=desktop | J49: https://pagespeed.web.dev/analysis/https-www-exude-in-collections-all/8azg1wmgyo?form_factor=desktop | K49: https://pagespeed.web.dev/analysis/https-www-exude-in-products-black-ribbed-peplum-co-ord-set-choker-neck-top-wide-leg-pants/jt7m1y98mf?form_factor=desktop
A50: =VLOOKUP(TRIM(B50),Hrisikesh!A:B,2,0) -> 40 | B50: https://mariechantal.com | C50: 40 | D50: 40 | E50: 29 | F50: 42 | G50: 29 | H50: 39 | I50: https://pagespeed.web.dev/analysis/https-www-mariechantal-com/5dxtyht406?form_factor=desktop | J50: https://pagespeed.web.dev/analysis/https-www-mariechantal-com-collections-all/29uhizocdu?form_factor=desktop | K50: https://pagespeed.web.dev/analysis/https-www-mariechantal-com-products-camille-tennis-baby-jumper-pink/ly8xgdldf1?form_factor=desktop
A51: =VLOOKUP(TRIM(B51),Hrisikesh!A:B,2,0) -> 34 | B51: https://peachyden.co.uk | C51: 34 | D51: 78 | E51: 53 | F51: 53 | G51: 40 | H51: 34 | I51: https://pagespeed.web.dev/analysis/https-www-peachyden-co-uk/srrhu3eni7?form_factor=desktop | J51: https://pagespeed.web.dev/analysis/https-www-peachyden-co-uk-collections-all-products/w12lk7l93l?form_factor=desktop | K51: https://pagespeed.web.dev/analysis/https-www-peachyden-co-uk-collections-all-products-products-the-cindy-halter-top-fir-tree/qtdkuegq1b?form_factor=mobile
A52: =VLOOKUP(TRIM(B52),Hrisikesh!A:B,2,0) -> 49 | B52: https://theunseenlabel.com | C52: 49 | D52: 77 | E52: 57 | F52: 62 | G52: 54 | H52: 76 | I52: https://pagespeed.web.dev/analysis/https-theunseenlabel-com/foabbytnts?form_factor=desktop | J52: https://pagespeed.web.dev/analysis/https-theunseenlabel-com-collections-all/bm3hcdx7is?form_factor=desktop | K52: https://pagespeed.web.dev/analysis/https-theunseenlabel-com-collections-all-products-the-ease-bra-1/v6ji46gwsm?form_factor=desktop
A53: =VLOOKUP(TRIM(B53),Hrisikesh!A:B,2,0) -> #N/A | B53: https://edenmaystudio.co.uk | C53: ASKING FOR SIGNUP
A54: =VLOOKUP(TRIM(B54),Hrisikesh!A:B,2,0) -> #N/A | B54: https://fashioneyewear.com | C54: 29 | D54: 38 | E54: 33 | F54: 44 | G54: 6 | H54: 53 | I54: https://pagespeed.web.dev/analysis/https-www-fashioneyewear-com-en-in/smmpv9gz53?form_factor=desktop | J54: https://pagespeed.web.dev/analysis/https-www-fashioneyewear-com-en-in-collections-all/2rgcyj22yo?form_factor=desktop | K54: https://pagespeed.web.dev/analysis/https-www-fashioneyewear-com-en-in-products-adidas-sp0063/awlwfcwwml?form_factor=mobile
A55: =VLOOKUP(TRIM(B55),Hrisikesh!A:B,2,0) -> #N/A | B55: https://buttahlondon.com | C55: 34 | D55: 57 | E55: 49 | F55: 54 | G55: 48 | H55: 70 | I55: https://pagespeed.web.dev/analysis/https-buttahlondon-com/b0o780lgib?form_factor=desktop | J55: https://pagespeed.web.dev/analysis/https-buttahlondon-com-collections-all/fy3lhyzo4y?form_factor=desktop | K55: https://pagespeed.web.dev/analysis/https-buttahlondon-com-products-long-tank-top/jup1sr8f6v?form_factor=desktop
A56: =VLOOKUP(TRIM(B56),Hrisikesh!A:B,2,0) -> #N/A | B56: https://ayamset.com | C56: 75 | D56: 85 | E56: 66 | F56: 88 | G56: 37 | H56: 55 | I56: https://pagespeed.web.dev/analysis/https-ayamset-com/ghd1mbubew?form_factor=mobile | J56: https://pagespeed.web.dev/analysis/https-ayamset-com-collections-all/dloiqcf0n0?form_factor=desktop | K56: https://pagespeed.web.dev/analysis/https-www-mytheresa-com-gb-en-women-marant-etoile-anasta-faux-fur-jacket-brown-p01003106/xv6fz84x69?form_factor=desktop
A57: =VLOOKUP(TRIM(B57),Hrisikesh!A:B,2,0) -> #N/A | B57: https://ibizafashionfestival.com | C57: 75 | D57: 97 | E57: 89 | F57: 99 | G57: 78 | H57: 91 | I57: https://pagespeed.web.dev/analysis/https-ibizafashionfestival-com/e33cb5be8o?form_factor=desktop | J57: https://pagespeed.web.dev/analysis/https-ibizafashionfestival-com-collections-all/16y6eo6i3n?form_factor=desktop | K57: https://pagespeed.web.dev/analysis/https-ibizafashionfestival-com-products-cassandra-swimsuit-copy/znkm6poqc4?form_factor=desktop
A58: =VLOOKUP(TRIM(B58),Hrisikesh!A:B,2,0) -> #N/A | B58: https://comhla.co.uk | C58: 58 | D58: 74 | E58: 60 | F58: 67 | G58: 60 | H58: 65 | I58: https://pagespeed.web.dev/analysis/https-comhla-co-uk/xj3mhzjg69?form_factor=mobile | J58: https://pagespeed.web.dev/analysis/https-comhla-co-uk-collections-women-Buy-Well/snijwz3gka?form_factor=desktop | K58: https://pagespeed.web.dev/analysis/https-comhla-co-uk-products-large-merino-triangle-scarf-in-red-stripe/erkz3kzv1y?form_factor=desktop
A59: =VLOOKUP(TRIM(B59),Hrisikesh!A:B,2,0) -> #N/A | B59: https://abtany.com | C59: 69 | D59: 76 | E59: 78 | F59: 95 | G59: 72 | H59: 61 | I59: https://pagespeed.web.dev/analysis/https-www-abtany-com/cknuwkkg17?form_factor=desktop | J59: https://pagespeed.web.dev/analysis/https-www-abtany-com-collections-all/c6tj7iijfh?form_factor=desktop | K59: https://pagespeed.web.dev/analysis/https-www-abtany-com-products-black-drawstring-swim-shorts-copy/oota3tca4a?form_factor=desktop
A60: =VLOOKUP(TRIM(B60),Hrisikesh!A:B,2,0) -> #N/A | B60: https://heidiklein.com | C60: 67 | D60: 85 | E60: 45 | F60: 55 | G60: 62 | H60: 82 | I60: https://pagespeed.web.dev/analysis/https-heidiklein-com/y52ob8p4bk?form_factor=desktop | J60: https://pagespeed.web.dev/analysis/https-heidiklein-com-collections-all/p1u9jza6ae?form_factor=desktop | K60: https://pagespeed.web.dev/analysis/https-heidiklein-com-products-at-lace-beach-shirt/wtdlriagb2?form_factor=desktop
A61: =VLOOKUP(TRIM(B61),Hrisikesh!A:B,2,0) -> #N/A | B61: https://bbxbrand.com | C61: 21 | D61: 40 | E61: 38 | F61: 44 | G61: 42 | H61: 54 | I61: https://pagespeed.web.dev/analysis/https-www-bbxbrand-com/kf5ktzowl3?form_factor=desktop | J61: https://pagespeed.web.dev/analysis/https-www-bbxbrand-com-collections-all/wokjoidnfs?form_factor=desktop | K61: https://pagespeed.web.dev/analysis/https-www-bbxbrand-com-collections-all-products-waterfall-mini-lime-green/nf1bqiej49?form_factor=desktop
A62: =VLOOKUP(TRIM(B62),Hrisikesh!A:B,2,0) -> #N/A | B62: https://amelry.com | C62: 68 | D62: 66 | E62: 65 | F62: 74 | G62: 60 | H62: 63 | I62: https://pagespeed.web.dev/analysis/https-amelry-com/4njxzoa9n9?form_factor=desktop | J62: https://pagespeed.web.dev/analysis/https-palaceofnowhere-co-uk-collections-all/9gxd3nwsm5?form_factor=mobile | K62: https://pagespeed.web.dev/analysis/https-amelry-com-products-beige-shirred-dress/0u2uq28kic?form_factor=desktop
A63: =VLOOKUP(TRIM(B63),Hrisikesh!A:B,2,0) -> #N/A | B63: https://havvamustafa.com | C63: 58 | D63: 87 | E63: 71 | F63: 53 | G63: 61 | H63: 76 | I63: https://pagespeed.web.dev/analysis/https-havvamustafa-com/8g2oxt6b74?form_factor=desktop | J63: https://pagespeed.web.dev/analysis/https-havvamustafa-com-collections-all/m1s1qj7w18?form_factor=desktop | K63: https://pagespeed.web.dev/analysis/https-havvamustafa-com-collections-all-products-netto-texas-tall-black/dmuejrxh7w?form_factor=desktop
A64: =VLOOKUP(TRIM(B64),Hrisikesh!A:B,2,0) -> #N/A | B64: https://farafieldclothing.com | C64: 52 | D64: 65 | E64: 51 | F64: 63 | G64: 43 | H64: 50 | I64: https://pagespeed.web.dev/analysis/https-farafieldclothing-com/lsp3w2q7io?form_factor=desktop | J64: https://pagespeed.web.dev/analysis/https-farafieldclothing-com/1nvi3bc49h?form_factor=desktop | K64: https://pagespeed.web.dev/analysis/https-farafieldclothing-com-products-aleksey-horace-zip-sand/kuxk4k7vqz?form_factor=desktop
A65: =VLOOKUP(TRIM(B65),Hrisikesh!A:B,2,0) -> #N/A | B65: https://batchldn.com | C65: 54 | D65: 87 | E65: 41 | F65: 70 | G65: 43 | H65: 58 | I65: https://pagespeed.web.dev/analysis/https-batchldn-com/dzy2rllpke?form_factor=desktop | J65: https://pagespeed.web.dev/analysis/https-batchldn-com-collections-all/c63rnbo5o9?form_factor=desktop | K65: https://pagespeed.web.dev/analysis/https-batchldn-com-products-batch-silk-scarf-season-1-heads-by-rashad-al-karooni-scarlet/2ltdjhpcj7?form_factor=desktop
... A87: =VLOOKUP(TRIM(B87),Hrisikesh!A:B,2,0) -> #N/A | B87: https://hydur.com | C87: 33 | D87: 38 | E87: 27 | F87: 51 | G87: 30 | H87: 40 | I87: https://pagespeed.web.dev/analysis/https-hydur-com/04q3parnzo?form_factor=desktop | J87: https://pagespeed.web.dev/analysis/https-hydur-com-collections-all/skd7iggltf?form_factor=desktop | K87: https://pagespeed.web.dev/analysis/https-hydur-com-collections-all-products-10ml-black-orchid-inspired-by-velvet-orchid-by-tom-ford-1/hq35dcmcqd?form_factor=desktop
A88: =VLOOKUP(TRIM(B88),Hrisikesh!A:B,2,0) -> #N/A | B88: https://elektusdivision.com | C88: WEBSITE CLOSED
A89: =VLOOKUP(TRIM(B89),Hrisikesh!A:B,2,0) -> #N/A | B89: https://aorahstudio.com | C89: 73 | D89: 89 | E89: 73 | F89: 96 | G89: 78 | H89: 90 | I89: https://pagespeed.web.dev/analysis/https-www-aorahstudio-com/9mx188ojhz?form_factor=desktop | J89: https://pagespeed.web.dev/analysis/https-www-aorahstudio-com-collections-all/s3k5p93s35?form_factor=desktop | K89: https://pagespeed.web.dev/analysis/https-www-aorahstudio-com-products-ebira-fringe-cropped-jacket/zk31arativ?form_factor=mobile
A90: =VLOOKUP(TRIM(B90),Hrisikesh!A:B,2,0) -> #N/A | B90: https://cruiselife.com | C90: 80 | D90: 65 | E90: 65 | F90: 78 | G90: 65 | H90: 86 | I90: https://pagespeed.web.dev/analysis/https-cruiselife-com/s09bbgi364?form_factor=desktop | J90: https://pagespeed.web.dev/analysis/https-cruiselife-com-collections-all/7madvt2tb1?form_factor=desktop | K90: https://pagespeed.web.dev/analysis/https-cruiselife-com-products-women-beige-club-embroidered-hoodie/dpl6msgho7?form_factor=desktop
A91: =VLOOKUP(TRIM(B91),Hrisikesh!A:B,2,0) -> #N/A | B91: https://awaythatday.com | C91: 47 | D91: 34 | E91: 33 | F91: 38 | G91: 45 | H91: 43 | I91: https://pagespeed.web.dev/analysis/https-awaythatday-com/4kvo3w8in6?form_factor=desktop | J91: https://pagespeed.web.dev/analysis/https-awaythatday-com-collections-all/exxw617xlg?form_factor=mobile | K91: https://pagespeed.web.dev/analysis/https-awaythatday-com-products-acapulco-bottom-polka-dot-rose/kt3dhmuu9v?form_factor=desktop
A92: =VLOOKUP(TRIM(B92),Hrisikesh!A:B,2,0) -> #N/A | B92: https://ifonlyif.co.uk | C92: 27 | D92: 31 | E92: error | F92: error | G92: 27 | H92: 40 | I92: https://pagespeed.web.dev/analysis/https-ifonlyif-co-uk/bjc9qghmsm?form_factor=desktop | K92: https://pagespeed.web.dev/analysis/https-ifonlyif-co-uk-products-pandora-buttercup-yellow-gingham/t3dxgf2gv8?form_factor=desktop
A93: =VLOOKUP(TRIM(B93),Hrisikesh!A:B,2,0) -> #N/A | B93: https://caramel-shop.co.uk | C93: 47 | D93: 51 | E93: 50 | F93: 55 | G93: 58 | H93: 63 | I93: https://pagespeed.web.dev/analysis/https-www-caramel-shop-co-uk/xi0jc875sb?form_factor=desktop | J93: https://pagespeed.web.dev/analysis/https-www-caramel-shop-co-uk-collections-all/wmwtykvb13?form_factor=desktop | K93: https://pagespeed.web.dev/analysis/https-www-caramel-shop-co-uk-collections-all-products-delilah-girls-cotton-dress-sushi-vintage-floral/gno2d93jhq?form_factor=desktop
A94: =VLOOKUP(TRIM(B94),Hrisikesh!A:B,2,0) -> #N/A | B94: https://irregularchoice.com | C94: 39 | D94: 72 | E94: 73 | F94: 93 | G94: 73 | H94: 95 | I94: https://pagespeed.web.dev/analysis/https-irregularchoice-com/di3r7ggbuc?form_factor=desktop | J94: https://pagespeed.web.dev/analysis/https-irregularchoice-com-categories-everything/11de8qts19?form_factor=desktop | K94: https://pagespeed.web.dev/analysis/https-irregularchoice-com-products-eat-me-b-pastel-brocade-gold-pearly-tea-party-shoes/0iy6ibv2pd?form_factor=desktop
A95: =VLOOKUP(TRIM(B95),Hrisikesh!A:B,2,0) -> #N/A | B95: https://harrysoflondon.com | C95: 40 | D95: 38 | E95: 31 | F95: 45 | G95: 41 | H95: 49 | I95: https://pagespeed.web.dev/analysis/https-harrysoflondon-com/kxh57bowvw?form_factor=desktop | J95: https://pagespeed.web.dev/analysis/https-harrysoflondon-com-collections-all/pi2h5nk10g?form_factor=desktop | K95: https://pagespeed.web.dev/analysis/https-harrysoflondon-com-products-aaron-l-1/316ijvwlci?form_factor=desktop
A96: =VLOOKUP(TRIM(B96),Hrisikesh!A:B,2,0) -> #N/A | B96: https://weardala.com | C96: 56 | D96: 64 | E96: 55 | F96: 45 | G96: 54 | H96: 72 | I96: https://pagespeed.web.dev/analysis/https-weardala-com/miucu619wo?form_factor=desktop | J96: https://pagespeed.web.dev/analysis/https-weardala-com-collections-all/alc4kjej83?form_factor=desktop | K96: https://pagespeed.web.dev/analysis/https-weardala-com-collections-all-products-sling-jeans-salt/envumt3y9h?form_factor=desktop
A97: =VLOOKUP(TRIM(B97),Hrisikesh!A:B,2,0) -> #N/A | B97: https://cupiob.com | C97: 74 | D97: 94 | E97: 74 | F97: 99 | G97: 79 | H97: 99 | I97: https://pagespeed.web.dev/analysis/https-cupiob-com/61fapwhk0y?form_factor=desktop | J97: https://pagespeed.web.dev/analysis/https-cupiob-com-collections-all/shk1dp9dff?form_factor=mobile | K97: https://pagespeed.web.dev/analysis/https-cupiob-com-products-spinning-eye-pendant-with-silver-beads/wbtezwo1tp?form_factor=desktop
A98: =VLOOKUP(TRIM(B98),Hrisikesh!A:B,2,0) -> #N/A | B98: https://bsideldn.com | C98: 66 | D98: 69 | E98: NA | F98: NA | G98: NA | H98: NA | I98: https://pagespeed.web.dev/analysis/https-waleadeyemi-com-password/fktq4b0a0w?form_factor=desktop | J98: NA | K98: NA
A99: =VLOOKUP(TRIM(B99),Hrisikesh!A:B,2,0) -> #N/A | B99: https://apexworkwear.co.uk | C99: 47 | D99: 55 | E99: 40 | F99: 46 | G99: 33 | H99: 52 | I99: https://pagespeed.web.dev/analysis/https-apexworkwear-co-uk/ru5w3pbdhv?form_factor=desktop | J99: https://pagespeed.web.dev/analysis/https-apexworkwear-co-uk-collections-all/abrwddj5gi?form_factor=mobile | K99: https://pagespeed.web.dev/analysis/https-apexworkwear-co-uk-products-ladies-trousers-healthcare-straight-leg/ubrv6syude?form_factor=desktop
A100: =VLOOKUP(TRIM(B100),Hrisikesh!A:B,2,0) -> #N/A | B100: https://fouroz.com | C100: 48 | D100: 63 | E100: 39 | F100: 50 | G100: 49 | H100: 68 | I100: https://pagespeed.web.dev/analysis/https-fouroz-com/kzp4qrc295?form_factor=desktop | J100: https://pagespeed.web.dev/analysis/https-fouroz-com-collections-all/8g1xb78wbi?form_factor=desktop | K100: https://pagespeed.web.dev/analysis/https-fouroz-com-products-allure-white-tshirt/35fccricbv?form_factor=desktop

Sheet Hrisikesh
A1: Website | B1: Home Page | D1: Collection Page | F1: Product Details Page | H1: Page Speed URLs
B2: Mobile | C2: Desktop | D2: Mobile | E2: Desktop | F2: Mobile | G2: Desktop | H2: Home Page | I2: Collection Page | J2: PDP
A3: https://spiralusa.com | B3: 31 | C3: 42 | D3: 30 | E3: 34 | F3: 29 | G3: 37 | H3: https://pagespeed.web.dev/analysis/https-www-spiralusa-com/8hz3ye3ry4?form_factor=desktop | I3: https://pagespeed.web.dev/analysis/https-www-spiralusa-com-collections-all/rgozhg8xd8?form_factor=desktop | J3: https://pagespeed.web.dev/analysis/https-www-spiralusa-com-products-system-of-a-down-hand-t-shirt-black/onp405zaon?form_factor=desktop
A4: https://matchlesslondon.com | B4: 26 | C4: 44 | D4: 23 | E4: 44 | F4: NA | G4: NA | H4: https://pagespeed.web.dev/analysis/https-matchlesslondon-com-pages-boutique/nh3t3naxgo?form_factor=desktop | I4: https://pagespeed.web.dev/analysis/https-matchlesslondon-com/pe7e51wyiu?form_factor=mobile | J4: NA
A5: https://youngsoles.com | B5: 28 | C5: 46 | D5: 53 | E5: 63 | F5: 22 | G5: 56 | H5: https://pagespeed.web.dev/analysis/https-www-youngsoles-com/imi3ntt235?form_factor=desktop | I5: https://pagespeed.web.dev/analysis/https-www-youngsoles-com-collections-all/gy23vd05yr?form_factor=desktop | J5: https://pagespeed.web.dev/analysis/https-www-youngsoles-com-products-penny-kids-shoe-black/pvrhk3nzex?form_factor=mobile
A6: https://areweoblivious.com | B6: 48 | C6: 62 | D6: 40 | E6: 71 | F6: 51 | G6: 47 | H6: https://pagespeed.web.dev/analysis/https-www-areweoblivious-com/cs7gt7hzad?form_factor=desktop | I6: https://pagespeed.web.dev/analysis/https-www-areweoblivious-com-collections-all/k16xa40nqs?form_factor=desktop | J6: https://pagespeed.web.dev/analysis/https-www-areweoblivious-com-products-who-cares-what-other-people-think-dark-green-t-shirt/u2bzkbh6z5?form_factor=desktop
A7: https://samuel-windsor.co.uk | B7: 49 | C7: 80 | D7: 58 | E7: 78 | F7: 45 | G7: 62 | H7: https://pagespeed.web.dev/analysis/https-www-samuel-windsor-co-uk/w3xzxkvx6o?form_factor=desktop | I7: https://pagespeed.web.dev/analysis/https-www-samuel-windsor-co-uk-collections-all/h4jutivwll?form_factor=desktop | J7: https://pagespeed.web.dev/analysis/https-www-samuel-windsor-co-uk-products-admiral-deck-shoe-brown/dw99q9f3im?form_factor=desktop
A8: https://rebelliousfashion.com | B8: 43 | C8: 76 | D8: 38 | E8: 45 | F8: 24 | G8: 63 | H8: https://pagespeed.web.dev/analysis/https-rebelliousfashion-com/9043cghita?form_factor=desktop | I8: https://pagespeed.web.dev/analysis/https-rebelliousfashion-com-collections-all/kcduob2219?form_factor=desktop | J8: https://pagespeed.web.dev/analysis/https-rebelliousfashion-com-products-black-tailored-blazer-playsuit-minzi/oni33b68tw?form_factor=desktop
A9: https://lalagebeaumont.com | B9: 43 | C9: 61 | D9: 41 | E9: 54 | F9: 33 | G9: 45 | H9: https://pagespeed.web.dev/analysis/https-lalagebeaumont-com/5cym3plnh0?form_factor=desktop | I9: https://pagespeed.web.dev/analysis/https-lalagebeaumont-com-collections-all/lle02qqn68?form_factor=desktop | J9: https://pagespeed.web.dev/analysis/https-lalagebeaumont-com-products-12mm-mother-of-pearl-stud-earrings-pink/uek7osufue?form_factor=mobile
A10: https://luxurypromise.com | B10: 56 | C10: 39 | D10: 44 | E10: 53 | F10: 38 | G10: 61 | H10: https://pagespeed.web.dev/analysis/https-luxurypromise-com/18dfht6cll?form_factor=desktop | I10: https://pagespeed.web.dev/analysis/https-luxurypromise-com-collections-all/ljowrjxjkd?form_factor=mobile | J10: https://pagespeed.web.dev/analysis/https-luxurypromise-com-collections-all-products-new-birkin-shoulder-29-poussiere-evercolor-permabrass-hardware-stamp-k-full-set-original-receipt-sycf1561/h4gmr0qgdp?form_factor=desktop
A11: https://revivalvintage.co.uk | B11: 40 | C11: 65 | D11: 37 | E11: 33 | F11: 35 | G11: 61 | H11: https://pagespeed.web.dev/analysis/https-revivalvintage-co-uk/uhfzpsepd8?form_factor=mobile | I11: https://pagespeed.web.dev/analysis/https-revivalvintage-co-uk-collections-all/3hganywbdc?form_factor=desktop | J11: https://pagespeed.web.dev/analysis/https-revivalvintage-co-uk-products-1940s-deliverance-demob-jacket-blue-herringbone/udi4r8dbgu?form_factor=mobile
A12: https://universalworks.com | B12: 14 | C12: 42 | D12: 36 | E12: 45 | F12: 20 | G12: 51 | H12: https://pagespeed.web.dev/analysis/https-universalworks-com/5a4gdo4ina?form_factor=desktop | I12: https://pagespeed.web.dev/analysis/https-universalworks-com/cixkb0tobf?form_factor=mobile | J12: https://pagespeed.web.dev/analysis/https-universalworks-com-products-dark-navy-ospina-cotton-oxford-pant/ji9ll02n9w?form_factor=desktop
A13: https://wiggykit.com | B13: 54 | C13: 63 | D13: 52 | E13: 54 | F13: 61 | G13: 78 | H13: https://pagespeed.web.dev/analysis/https-www-wiggykit-com/kphqpihbef?form_factor=desktop | I13: https://pagespeed.web.dev/analysis/https-www-wiggykit-com-collections-all/zdgtyecvcq?form_factor=desktop | J13: https://pagespeed.web.dev/analysis/https-www-wiggykit-com-products-the-keeper-dress/e3trv0anin?form_factor=desktop
A14: https://privatewhitevc.com | B14: 45 | C14: 59 | D14: 29 | E14: 44 | F14: 36 | G14: 42 | H14: https://pagespeed.web.dev/analysis/https-www-privatewhitevc-com/ggzg100el1?form_factor=mobile | I14: https://pagespeed.web.dev/analysis/https-www-privatewhitevc-com-collections-all/f6y4aben3z?form_factor=desktop | J14: https://pagespeed.web.dev/analysis/https-www-privatewhitevc-com-products-the-submariner-parka-1/ugsaofwpih?form_factor=desktop
A15: https://palaceofnowhere.co.uk | B15: 58 | C15: 25 | D15: 65 | E15: 74 | F15: 62 | G15: 64 | H15: https://pagespeed.web.dev/analysis/https-palaceofnowhere-co-uk/2ffurvjenf?form_factor=desktop | I15: https://pagespeed.web.dev/analysis/https-palaceofnowhere-co-uk-collections-all/9gxd3nwsm5?form_factor=desktop | J15: https://pagespeed.web.dev/analysis/https-palaceofnowhere-co-uk-products-2-x-vintage-60s-verrerie-d-arques-pressed-glass-candle-holders/tfkbkd7ouq?form_factor=desktop
A16: https://thrifted.com | B16: 47 | C16: 36 | D16: 33 | E16: 48 | F16: 38 | G16: 62 | H16: https://pagespeed.web.dev/analysis/https-www-thrifted-com/rdxsyvn1e8?form_factor=desktop | I16: https://pagespeed.web.dev/analysis/https-www-thrifted-com-collections-all/elr7v7grs1?form_factor=mobile | J16: https://pagespeed.web.dev/analysis/https-www-thrifted-com-products-southern-new-hampshire-university-champion-hoodie-mens-grey-small-61353-a-new/hgzufyoubd?form_factor=desktop
... A41: https://room24.co.uk | B41: 54 | C41: 58 | D41: 68 | E41: 86 | F41: 54 | G41: 64 | H41: https://pagespeed.web.dev/analysis/https-room24-co-uk/kjgoqduvg5?form_factor=mobile | I41: https://pagespeed.web.dev/analysis/https-room24-co-uk-collections-all/yq3sq57pnm?form_factor=desktop | J41: https://pagespeed.web.dev/analysis/https-room24-co-uk-products-alexa-one-piece-black-copy/8flumb29n8?form_factor=desktop
A42: https://oliviavonhalle.com | B42: 28 | C42: 35 | D42: 30 | E42: 27 | F42: 28 | G42: 63 | H42: https://pagespeed.web.dev/analysis/https-oliviavonhalle-com/c6kahtlg7s?form_factor=desktop | I42: https://pagespeed.web.dev/analysis/https-oliviavonhalle-com-collections-all/ceqpchfb99?form_factor=desktop
A43: https://luxurypromise.com | B43: 32 | C43: 37 | D43: 42 | E43: 59 | F43: 53 | G43: 65 | H43: https://pagespeed.web.dev/analysis/https-luxurypromise-com/e09nkttvxz?form_factor=desktop | I43: https://pagespeed.web.dev/analysis/https-luxurypromise-com-collections-all/i57szil3ku?form_factor=desktop | J43: https://pagespeed.web.dev/analysis/https-luxurypromise-com-collections-all-products-vintage-chanel-classic-flap-medium-chain-shoulder-bag-red-lamb-skin-gold-hardware-90308215/dzjx8pdnde?form_factor=desktop
A44: https://tocoswim.com | B44: 49 | C44: 63 | D44: 46 | E44: 37 | F44: 28 | G44: 63 | H44: https://pagespeed.web.dev/analysis/https-tocoswim-com/nl0ss802eb?form_factor=desktop | I44: https://pagespeed.web.dev/analysis/https-tocoswim-com-collections-all/fsby7qqgcv?form_factor=desktop | J44: https://pagespeed.web.dev/analysis/https-tocoswim-com-products-agni-halter-neck-triangle-bikini-top-picante-red-pink-gold-flower-print/mktiwu8n14?form_factor=desktop
A45: https://pomodoroclothing.com | B45: 47 | C45: 80 | D45: 87 | E45: 98 | F45: NA | G45: NA | H45: https://pagespeed.web.dev/analysis/https-www-pomodoroclothing-com/hu1oz4dioi?form_factor=desktop | I45: https://pagespeed.web.dev/analysis/https-www-pomodoroclothing-com-pages-collection/0juzywprgc?form_factor=desktop | J45: NA
A46: https://paradoxlondon.com | B46: 36 | C46: 44 | D46: 37 | E46: 49 | F46: 39 | G46: 40 | H46: https://pagespeed.web.dev/analysis/https-www-paradoxlondon-com/11cngkxkxs?form_factor=desktop | I46: https://pagespeed.web.dev/analysis/https-www-paradoxlondon-com-collections-all/28y21wknq6?form_factor=desktop | J46: https://pagespeed.web.dev/analysis/https-www-paradoxlondon-com-products-adorn-ivory-wide-fit-satin-block-heel-wedding-shoes/fpcltt9us5?form_factor=desktop
A47: https://maharishistore.com | B47: 58 | C47: 67 | D47: 47 | E47: 68 | F47: 46 | G47: 58 | H47: https://pagespeed.web.dev/analysis/https-www-maharishistore-com/yjapzv6t8q?form_factor=desktop | I47: https://pagespeed.web.dev/analysis/https-www-maharishistore-com-collections-all/oepv8dwkyg?form_factor=desktop | J47: https://pagespeed.web.dev/analysis/https-www-maharishistore-com-products-1113-maha-malice-monk-sling-bag-olive/etkhpaz2f0?form_factor=desktop
A48: https://stripeandstare.com | B48: 34 | C48: 60 | D48: 31 | E48: 53 | F48: 30 | G48: 44 | H48: https://pagespeed.web.dev/analysis/https-stripeandstare-com/8wycfqlzmw?form_factor=desktop | I48: https://pagespeed.web.dev/analysis/https-stripeandstare-com/3bellsl5eb?form_factor=desktop | J48: https://pagespeed.web.dev/analysis/https-stripeandstare-com-products-triangle-lace-bra-black/9n9wjlsz14?form_factor=desktop
A49: https://exude.in | B49: 96 | C49: 88 | D49: 55 | E49: 58 | F49: 83 | G49: 58 | H49: https://pagespeed.web.dev/analysis/https-www-exude-in/uwet1xr4sh?form_factor=desktop | I49: https://pagespeed.web.dev/analysis/https-www-exude-in-collections-all/8azg1wmgyo?form_factor=desktop | J49: https://pagespeed.web.dev/analysis/https-www-exude-in-products-black-ribbed-peplum-co-ord-set-choker-neck-top-wide-leg-pants/jt7m1y98mf?form_factor=desktop
A50: https://mariechantal.com | B50: 40 | C50: 40 | D50: 29 | E50: 42 | F50: 29 | G50: 39 | H50: https://pagespeed.web.dev/analysis/https-www-mariechantal-com/5dxtyht406?form_factor=desktop | I50: https://pagespeed.web.dev/analysis/https-www-mariechantal-com-collections-all/29uhizocdu?form_factor=desktop | J50: https://pagespeed.web.dev/analysis/https-www-mariechantal-com-products-camille-tennis-baby-jumper-pink/ly8xgdldf1?form_factor=desktop
A51: https://peachyden.co.uk | B51: 34 | C51: 78 | D51: 53 | E51: 53 | F51: 40 | G51: 34 | H51: https://pagespeed.web.dev/analysis/https-www-peachyden-co-uk/srrhu3eni7?form_factor=desktop | I51: https://pagespeed.web.dev/analysis/https-www-peachyden-co-uk-collections-all-products/w12lk7l93l?form_factor=desktop | J51: https://pagespeed.web.dev/analysis/https-www-peachyden-co-uk-collections-all-products-products-the-cindy-halter-top-fir-tree/qtdkuegq1b?form_factor=mobile
A52: https://theunseenlabel.com | B52: 49 | C52: 77 | D52: 57 | E52: 62 | F52: 54 | G52: 76 | H52: https://pagespeed.web.dev/analysis/https-theunseenlabel-com/foabbytnts?form_factor=desktop | I52: https://pagespeed.web.dev/analysis/https-theunseenlabel-com-collections-all/bm3hcdx7is?form_factor=desktop | J52: https://pagespeed.web.dev/analysis/https-theunseenlabel-com-collections-all-products-the-ease-bra-1/v6ji46gwsm?form_factor=desktop
A53: https://yourmusa.com | B53: 54 | C53: 75 | D53: 52 | E53: 45 | F53: 57 | G53: 33 | H53: https://pagespeed.web.dev/analysis/https-yourmusa-com/0gyppgvtu3?form_factor=desktop | I53: https://pagespeed.web.dev/analysis/https-yourmusa-com-collections-all/ck89hul5k7?form_factor=desktop | J53: https://pagespeed.web.dev/analysis/https-yourmusa-com-products-antique-corset-green-tapestry/ol71q2kir2?form_factor=desktop
A54: https://lapochette.co | B54: 48 | C54: 71 | D54: 46 | E54: 88 | F54: 40 | G54: 57 | H54: https://pagespeed.web.dev/analysis/https-lapochette-co/6duwv58x4a?form_factor=desktop | I54: https://pagespeed.web.dev/analysis/https-lapochette-co-collections-all/1psouj60q7?form_factor=desktop | J54: https://pagespeed.web.dev/analysis/https-lapochette-co-products-anywhere-everywhere-box-charcoal-ink/h9eo2s4hxd?form_factor=desktop
A55: https://labrumlondon.com | B55: 59 | C55: 92 | D55: 59 | E55: 57 | F55: 41 | G55: 72 | H55: https://pagespeed.web.dev/analysis/https-labrumlondon-com/p3heatc48p?form_factor=desktop | I55: https://pagespeed.web.dev/analysis/https-labrumlondon-com-collections-all/o2txe18qra?form_factor=desktop | J55: https://pagespeed.web.dev/analysis/https-labrumlondon-com-products-labrum-x-adidas-adizero-adios-pro-4/dic5wutz2v?form_factor=desktop
A56: https://lachesis.london | B56: 57 | C56: 74 | D56: 44 | E56: 80 | F56: 48 | G56: 64 | H56: https://pagespeed.web.dev/analysis/https-lachesis-london/zd4obaxn95?form_factor=desktop | I56: https://pagespeed.web.dev/analysis/https-lachesis-london-collections-all/u5if97xtwh?form_factor=desktop | J56: https://pagespeed.web.dev/analysis/https-lachesis-london-products-bottletop-kibe-belt-silver-black/cn4fw8poyb?form_factor=desktop
A57: https://lacyloulondon.com | B57: 54 | C57: 77 | D57: 38 | E57: 50 | F57: 44 | G57: 47 | H57: https://pagespeed.web.dev/analysis/https-lacyloulondon-com/fi2baw6rhx?form_factor=desktop | I57: https://pagespeed.web.dev/analysis/https-www-lacyloulondon-com-collections-all/ltij72lvfg?form_factor=desktop | J57: https://pagespeed.web.dev/analysis/https-www-lacyloulondon-com-products-adorable-bow/bex5okvwhs?form_factor=desktop
... A82: https://lifesbetteroutdoors.co.uk | B82: 49 | C82: 71 | D82: 63 | E82: 78 | F82: 49 | G82: 68 | H82: https://pagespeed.web.dev/analysis/https-lifesbetteroutdoors-co-uk/f8ersapn2b?form_factor=desktop | I82: https://pagespeed.web.dev/analysis/https-lifesbetteroutdoors-co-uk-collections-all/mx5bmm1126?form_factor=desktop | J82: https://pagespeed.web.dev/analysis/https-lifesbetteroutdoors-co-uk-products-abisko-midsummer-jacket/8pxbojb1lp?form_factor=desktop
A83: https://lillebei.com | B83: Store does not exist
A84: https://lilliesstudios.com | B84: 63 | C84: 92 | D84: 66 | E84: 92 | F84: 71 | G84: 94 | H84: https://pagespeed.web.dev/analysis/https-lilliesstudios-com/e4h0vc7q2n?form_factor=desktop | I84: https://pagespeed.web.dev/analysis/https-lilliesstudios-com-collections-all/9hgryh46ea?form_factor=desktop | J84: https://pagespeed.web.dev/analysis/https-lilliesstudios-com-products-1960-s-blue-check-flannel-shirt/h2gmi21vtv?form_factor=desktop
A85: https://lilyandmeclothing.com | B85: 32 | C85: 56 | D85: 50 | E85: 67 | F85: 42 | G85: 57 | H85: https://pagespeed.web.dev/analysis/https-www-lilyandmeclothing-com/09lqwzivp5?form_factor=desktop | I85: https://pagespeed.web.dev/analysis/https-www-lilyandmeclothing-com-collections-all/81eni48akq?form_factor=desktop | J85: https://pagespeed.web.dev/analysis/https-www-lilyandmeclothing-com-products-3-4-length-cropped-leggings-navy/i2lwr3q80i?form_factor=desktop
A86: https://lilyarkwright.com | B86: 38 | C86: 70 | D86: 41 | E86: 48 | F86: 38 | G86: 56 | H86: https://pagespeed.web.dev/analysis/https-lilyarkwright-com/v7tipnewf6?form_factor=desktop | I86: https://pagespeed.web.dev/analysis/https-lilyarkwright-com-collections-all/h5wd5h1b2u?form_factor=desktop | J86: https://pagespeed.web.dev/analysis/https-lilyarkwright-com-products-womens-plain-wedding-band-bevelled-edge-profile-18k-rose-gold/1fuev79m5z?form_factor=desktop
A87: https://lilyrou.com | B87: 76 | C87: 96 | D87: 82 | E87: 95 | F87: 84 | G87: 80 | H87: https://pagespeed.web.dev/analysis/https-lilyrou-com/xp0vs5usns?form_factor=desktop | I87: https://pagespeed.web.dev/analysis/https-lilyrou-com-collections-all/bzetkq61zq?form_factor=desktop | J87: https://pagespeed.web.dev/analysis/https-lilyrou-com-products-90s-slip-dress-coral/f56hqquua8?form_factor=desktop
A88: https://lindseybrown.com | B88: 70 | C88: 90 | D88: 77 | E88: 93 | F88: 57 | G88: 63 | H88: https://pagespeed.web.dev/analysis/https-www-lindseybrown-com/tnbjidneds?form_factor=desktop | I88: https://pagespeed.web.dev/analysis/https-www-lindseybrown-com-collections-all/39c7w1wfkt?form_factor=desktop | J88: https://pagespeed.web.dev/analysis/https-www-lindseybrown-com-products-animal-print-silk-designer-maxi-dress/q08kezq5gu?form_factor=desktop
A89: https://lindybop.eu | B89: 41 | C89: 71 | D89: 39 | E89: 72 | F89: 38 | G89: 89 | H89: https://pagespeed.web.dev/analysis/https-lindybop-eu/wwuvmk1tcz?form_factor=desktop | I89: https://pagespeed.web.dev/analysis/https-www-lindybop-eu-collections-all/28rcdfxtw9?form_factor=desktop | J89: https://pagespeed.web.dev/analysis/https-www-lindybop-eu-products-caterina-mermaid-check-swing-dress/92dd7wdasr?form_factor=desktop
A90: https://lionessawakenapparel.com | B90: No Data | C90: 59 | D90: 88 | E90: 98 | F90: 64 | G90: 98 | H90: https://pagespeed.web.dev/analysis/https-lionessawakenapparel-com/po3d1py4mj?form_factor=desktop | I90: https://pagespeed.web.dev/analysis/https-lionessawakenapparel-com-collections-all/fq1cn9z3ko?form_factor=desktop | J90: https://pagespeed.web.dev/analysis/https-lionessawakenapparel-com-products-feminist-unisex-hoodie-for-feminists/31hjvyqwna?form_factor=desktop
A91: https://lionessbytf.co.uk | B91: 63 | C91: 89 | D91: 70 | E91: 84 | F91: 42 | G91: 98 | H91: https://pagespeed.web.dev/analysis/https-lionessbytf-co-uk/ujcg9rld5n?form_factor=desktop | I91: https://pagespeed.web.dev/analysis/https-lionessbytf-co-uk-collections-all/aeay39qffs?form_factor=desktop | J91: https://pagespeed.web.dev/analysis/https-lionessbytf-co-uk-products-amora-pink-heart-studs-fine-jewelry-rhodium-plated-s925-silver-pink-sapphire-copy/brkp2faoom?form_factor=desktop
A92: https://lisa-yang.com | B92: Error! | C92: 30 | D92: Error! | E92: 52 | F92: Error! | G92: 56 | H92: https://pagespeed.web.dev/analysis/https-eu-lisa-yang-com/f4q9zmk15r?form_factor=desktop | I92: https://pagespeed.web.dev/analysis/https-eu-lisa-yang-com-collections-all/qrqay3gnvu?form_factor=desktop | J92: https://pagespeed.web.dev/analysis/https-eu-lisa-yang-com-products-bomber-jacket-midnight/xya61rekdb?form_factor=desktop
A93: https://lishlondon.com | B93: 46 | C93: 58 | D93: 47 | E93: 46 | F93: 23 | G93: 52 | H93: https://pagespeed.web.dev/analysis/https-lishlondon-com/2k3nw4jk0n?form_factor=desktop | I93: https://pagespeed.web.dev/analysis/https-lishlondon-com-collections-all/y9l1hqi6ax?form_factor=desktop | J93: https://pagespeed.web.dev/analysis/https-lishlondon-com-products-allen-bobble-camel-hand-knitted-designer-wool-dog-jumper/v9wgb3ybyq?form_factor=desktop
A94: https://lisou.co.uk | B94: 37 | C94: 45 | D94: 31 | E94: 36 | F94: 35 | G94: 35 | H94: https://pagespeed.web.dev/analysis/https-lisou-co-uk/8evhqyz7ge?form_factor=desktop | I94: https://pagespeed.web.dev/analysis/https-lisou-co-uk-collections-all/ooxaepp2se?form_factor=desktop | J94: https://pagespeed.web.dev/analysis/https-lisou-co-uk-products-alina-red-green-triangle-print-silk-twill-dress/ghzr6jffvj?form_factor=desktop
A95: https://little-lies.com | B95: 52 | C95: 62 | D95: 49 | E95: 53 | F95: 64 | G95: 64 | H95: https://pagespeed.web.dev/analysis/https-little-lies-com/gnfp6x2cgu?form_factor=desktop | I95: https://pagespeed.web.dev/analysis/https-little-lies-com-collections-all/xn31hty4ep?form_factor=desktop | J95: https://pagespeed.web.dev/analysis/https-little-lies-com-products-cassia-olive-chiffon-smock-top/kh7rmkcmmm?form_factor=desktop
A96: https://littlemateadventures.com | B96: 78 | C96: 85 | D96: 81 | E96: 98 | H96: https://pagespeed.web.dev/analysis/https-littlemateadventures-com/xjkmnixd1e?form_factor=desktop
A97: https://littlebigapparel.com
A98: https://livotte.com
A99: https://lobowolf.co.uk
A100: https://lobomarhyphen.com
A101: https://lockhatters.com
A102: https://locketloves.com
A103: https://loffi.cc
A104: https://logoking.co.uk
A105: https://londonundercover.co.uk
A106: https://londonvelvet.co.uk
A107: https://lookmate.co
A108: https://loomiactive.com
... A722: https://zusaura.com
